fund_id,fund_name,scraped_at,return_ytd,return_mtd,return_1m,return_3m,return_6m,return_9m,return_1y,return_2y,return_3y
12768,ABL Cash Fund,2026-03-12T20:41:07+00:00,0.1002,0.0901,0.0914,0.096,0.0993,0.1017,0.1059,0.1529,0.1994
12775,ABL Financial Planning Fund (Conservative Plan),2026-03-12T20:41:09+00:00,0.0841,-0.0053,-0.0094,0.0132,0.044,0.0975,0.1344,0.4402,0.8326
12783,ABL Financial Planning Fund (Strategic Allocation Plan),2026-03-12T20:41:11+00:00,0.1927,-0.0615,-0.1198,-0.0587,0.0193,0.2232,0.2642,1.1077,2.0176
14347,ABL Financial Sector Fund Plan I,2026-03-12T20:41:12+00:00,0.103,0.0895,0.0917,0.0999,0.1024,0.1028,0.1063,0.1533,0.0
14874,ABL Fixed Rate Plan XIX,2026-03-12T20:41:13+00:00,0.1065,0.0948,0.0947,0.1093,0.1068,0.0,0.0,0.0,0.0
14982,ABL Fixed Rate Plan XXII,2026-03-12T20:41:14+00:00,0.1114,0.0963,0.0926,0.1107,0.0,0.0,0.0,0.0,0.0
14994,ABL Fixed Rate Plan XXIII,2026-03-12T20:41:15+00:00,0.1103,0.0956,0.092,0.1099,0.0,0.0,0.0,0.0,0.0
15051,ABL Fixed Rate Plan XXIV,2026-03-12T20:41:16+00:00,0.095,0.0954,0.095,0.0,0.0,0.0,0.0,0.0,0.0
14657,ABL GOKP Islamic Pension Fund,2026-03-12T20:41:18+00:00,0.1115,0.0418,0.0573,0.0791,0.0876,0.0944,0.0948,0.0,0.0
14668,ABL GOKP Pension Fund,2026-03-12T20:41:19+00:00,0.1489,0.0967,0.0942,0.1009,0.1066,0.1097,0.1136,0.0,0.0
14975,ABL GOPB Islamic Pension Fund,2026-03-12T20:41:20+00:00,0.0591,0.0568,0.055,0.0574,0.0,0.0,0.0,0.0,0.0
14974,ABL GOPB Pension Fund,2026-03-12T20:41:21+00:00,0.0939,0.0855,0.0829,0.0914,0.0,0.0,0.0,0.0,0.0
12767,ABL Government Securities Fund,2026-03-12T20:41:23+00:00,0.0977,0.039,0.0648,0.0871,0.0949,0.0983,0.1081,0.1629,0.2117
12765,ABL Income Fund,2026-03-12T20:41:24+00:00,0.0989,0.0472,0.069,0.1027,0.0962,0.1001,0.1109,0.164,0.1923
12786,ABL Islamic Asset Allocation Fund,2026-03-12T20:41:26+00:00,0.0205,-0.0011,-0.0012,0.0033,0.0197,0.0213,0.0218,0.1445,0.3896
12793,ABL Islamic Cash Fund,2026-03-12T20:41:27+00:00,0.1,0.0721,0.0835,0.093,0.0981,0.1025,0.1034,0.1478,0.1911
12804,ABL Islamic Dedicated Stock Fund,2026-03-12T20:41:29+00:00,0.1417,-0.06,-0.1395,-0.1039,-0.043,0.1775,0.2062,0.9885,1.8997
12780,ABL Islamic Financial Planning Fund (Active Allocation Plan),2026-03-12T20:41:30+00:00,0.127,-0.044,-0.1125,-0.0775,-0.0285,0.1559,0.1817,0.7673,1.4342
12788,ABL Islamic Financial Planning Fund (Capital Preservation Plan I),2026-03-12T20:41:31+00:00,0.0946,-0.012,-0.0328,-0.0102,0.0225,0.1114,0.14,0.4541,0.8067
12776,ABL Islamic Financial Planning Fund (Conservative Allocation Plan),2026-03-12T20:41:33+00:00,0.0648,0.0028,0.0072,0.022,0.0456,0.0696,0.0975,0.2825,0.5393
15061,ABL Islamic Fixed Term Plan V,2026-03-12T20:41:34+00:00,0.1013,0.1003,0.0,0.0,0.0,0.0,0.0,0.0,0.0
12769,ABL Islamic Income Fund,2026-03-12T20:41:35+00:00,0.0874,0.0622,0.067,0.0907,0.0843,0.0881,0.0945,0.1446,0.1769
14623,ABL Islamic Money Market Plan I,2026-03-12T20:41:37+00:00,0.1003,0.0928,0.0929,0.0957,0.0988,0.1011,0.1038,0.1447,0.0001
12802,ABL Islamic Pension Fund,2026-03-12T20:41:38+00:00,0.1615,-0.0566,-0.1329,-0.0982,-0.0173,0.1868,0.2286,1.1039,2.1332
12803,ABL Islamic Pension Fund,2026-03-12T20:41:39+00:00,0.0932,0.0838,0.085,0.0908,0.0951,0.0943,0.0972,0.1339,0.1698
12801,ABL Islamic Pension Fund,2026-03-12T20:41:41+00:00,0.0864,0.0941,0.0865,0.0877,0.087,0.0884,0.0948,0.1231,0.1614
14692,ABL Islamic Sovereign Plan I,2026-03-12T20:41:42+00:00,0.0937,0.0714,0.07,0.0903,0.0857,0.0962,0.0897,0.0,0.0
12772,ABL Islamic Stock Fund,2026-03-12T20:41:43+00:00,0.1256,-0.0667,-0.1412,-0.1052,-0.0471,0.1408,0.1606,0.9782,1.9176
14613,ABL Money Market Plan I,2026-03-12T20:41:45+00:00,0.0955,0.0813,0.0808,0.0879,0.0934,0.0967,0.1015,0.1485,0.0001
14913,ABL Optimal Asset Allocation Fund,2026-03-12T20:41:46+00:00,0.0049,-0.0435,-0.0677,-0.0371,0.0027,0.0,0.0,0.0,0.0
12798,ABL Pension Fund,2026-03-12T20:41:48+00:00,0.1025,0.0855,0.0879,0.1034,0.0996,0.1038,0.1123,0.161,0.2144
12799,ABL Pension Fund,2026-03-12T20:41:49+00:00,0.2437,-0.077,-0.146,-0.0891,0.025,0.2827,0.3311,1.3971,2.8748
12800,ABL Pension Fund,2026-03-12T20:41:50+00:00,0.098,0.0766,0.0843,0.0992,0.0977,0.0978,0.1011,0.1465,0.1953
12789,ABL Special Saving Fund (ABL Special Saving Plan I),2026-03-12T20:41:52+00:00,0.0712,0.0028,0.0075,0.024,0.0495,0.0986,0.1317,0.349,0.6668
12790,ABL Special Saving Fund (ABL Special Saving Plan II),2026-03-12T20:41:53+00:00,0.0771,0.0033,0.0083,0.0251,0.052,0.0815,0.1268,0.3174,0.7572
12791,ABL Special Saving Fund (ABL Special Saving Plan III),2026-03-12T20:41:54+00:00,0.0675,0.0027,0.0065,0.0233,0.0463,0.0733,0.1087,0.3285,0.6279
12792,ABL Special Saving Fund (ABL Special Saving Plan IV),2026-03-12T20:41:56+00:00,0.0778,0.0038,0.0084,0.0263,0.0545,0.0863,0.1222,0.3355,0.6419
12794,ABL Special Saving Fund (ABL Special Saving Plan V),2026-03-12T20:41:57+00:00,0.0677,0.0021,0.0059,0.0234,0.0478,0.0743,0.1086,0.3244,0.6287
12796,ABL Special Saving Fund (ABL Special Saving Plan VI),2026-03-12T20:41:59+00:00,0.072,0.0027,0.0072,0.026,0.0553,0.0812,0.131,0.3527,0.6796
12766,ABL Stock Fund,2026-03-12T20:42:00+00:00,0.2144,-0.0885,-0.1564,-0.0937,0.0044,0.2514,0.2985,1.3267,2.67
12805,AKD Aggressive Income Fund,2026-03-12T20:42:02+00:00,0.1779,0.0318,0.0949,0.112,0.1091,0.1812,0.3156,0.2799,0.2432
12809,AKD Cash Fund,2026-03-12T20:42:03+00:00,0.1004,0.0841,0.0905,0.1006,0.1007,0.1005,0.1043,0.151,0.1965
12807,AKD Index Tracker Fund,2026-03-12T20:42:05+00:00,0.2235,-0.079,-0.147,-0.0879,0.0009,0.2576,0.336,1.2868,2.4628
12813,AKD Islamic Cash Fund,2026-03-12T20:42:06+00:00,0.0895,0.074,0.086,0.0966,0.0991,0.1116,0.1082,0.1929,0.2202
12810,AKD Islamic Income Fund,2026-03-12T20:42:08+00:00,0.0959,-0.001,0.0545,0.0917,0.0931,0.0991,0.1129,0.1514,0.1912
12811,AKD Islamic Stock Fund,2026-03-12T20:42:10+00:00,0.0673,-0.1055,-0.1912,-0.1147,-0.0914,0.1009,0.1638,0.9112,2.1459
12806,AKD Opportunity Fund,2026-03-12T20:42:11+00:00,0.1367,-0.0765,-0.183,-0.1626,-0.0954,0.2219,0.3121,0.9002,1.0037
13137,Al Ameen Islamic Aggressive Income Fund,2026-03-12T20:42:13+00:00,0.1163,0.0977,0.1276,0.1341,0.1328,0.1321,0.1232,0.1281,0.0698
13189,Al Ameen Islamic Aggressive Income Plan I,2026-03-12T20:42:14+00:00,0.1162,0.1285,0.1795,0.0,0.0,0.0,0.0,0.0,0.0
13152,Al Ameen Islamic Asset Allocation Fund,2026-03-12T20:42:16+00:00,0.0305,0.0001,-0.0087,0.0286,0.0,0.0,0.0,0.0,0.0
13146,Al Ameen Islamic Cash Fund,2026-03-12T20:42:18+00:00,0.0515,0.0478,-0.0012,0.0441,0.0416,0.0485,0.0536,0.0,0.0
13190,Al Ameen Islamic Cash Plan I,2026-03-12T20:42:20+00:00,0.0,0.0,0.0,0.0,0.0,0.0,0.0,0.0,0.0
13186,Al Ameen Islamic Energy Fund,2026-03-12T20:42:22+00:00,0.048,0.0335,0.0,0.0,0.0,0.0,0.0,0.0,0.0
14381,Al Ameen Islamic Income Fund,2026-03-12T20:42:24+00:00,0.0,0.0,0.0,0.0,0.0,0.0,0.0,0.0,0.0
15026,Al Ameen Islamic Punjab Pension Fund,2026-03-12T20:42:26+00:00,0.0,0.0,-0.0857,-0.0286,-0.0143,-0.0095,-0.007,-0.0035,-0.0023
13200,Al Ameen Islamic Retirement Savings Fund,2026-03-12T20:42:27+00:00,0.0797,0.0549,0.0527,0.0817,0.0799,0.0821,0.0786,0.0847,0.0961
13201,Al Ameen Islamic Retirement Savings Fund,2026-03-12T20:42:29+00:00,0.3972,0.229,0.0824,0.5186,0.449,0.3789,0.3797,0.5562,0.4795
13202,Al Ameen Islamic Retirement Savings Fund,2026-03-12T20:42:30+00:00,0.0632,0.0028,0.0034,0.0186,0.0355,0.0538,0.07,0.1568,0.2602
13143,Al Ameen Islamic Sovereign Fund,2026-03-12T20:42:32+00:00,0.0784,0.1004,0.174,0.1181,0.0797,0.0797,0.071,0.0517,0.0136
13136,Al Ameen Shariah Stock Fund,2026-03-12T20:42:34+00:00,0.3003,0.0104,-0.0016,0.0861,0.1713,0.2255,0.3194,0.744,1.0392
14579,Al Ameen Voluntary Pension Fund KPK,2026-03-12T20:42:36+00:00,1.5961,1.5961,0.0,0.0,0.0,0.0,0.0,0.0,0.0
12710,AL Habib Asset Allocation Fund,2026-03-12T20:42:37+00:00,0.1609,-0.0826,-0.158,-0.0823,-0.0143,0.1871,0.2435,1.402,2.6088
12707,AL Habib Cash Fund,2026-03-12T20:42:39+00:00,0.1019,0.095,0.0943,0.0974,0.1004,0.1027,0.106,0.1506,0.196
14811,AL Habib Fixed Return Fund Plan 19,2026-03-12T20:42:40+00:00,0.1013,-0.2635,-0.0867,0.1015,0.1025,0.1063,0.1319,0.0,0.0
14861,AL Habib Fixed Return Fund Plan 22,2026-03-12T20:42:41+00:00,0.1057,0.0838,0.0886,0.1081,0.107,0.1069,0.0,0.0,0.0
14904,AL Habib Fixed Return Fund Plan 23,2026-03-12T20:42:42+00:00,0.1026,0.0373,0.0608,0.105,0.1034,0.0,0.0,0.0,0.0
14905,AL Habib Fixed Return Fund Plan 24,2026-03-12T20:42:43+00:00,0.105,0.0678,0.0805,0.1076,0.1055,0.0,0.0,0.0,0.0
15067,AL Habib Fixed Return Fund Plan 28,2026-03-12T20:42:45+00:00,0.0795,0.0795,0.0,0.0,0.0,0.0,0.0,0.0,0.0
15059,AL Habib Fixed Return Fund Plan 29,2026-03-12T20:42:46+00:00,0.0882,0.0932,0.0,0.0,0.0,0.0,0.0,0.0,0.0
14561,AL Habib GOKP Islamic Pension Fund,2026-03-12T20:42:47+00:00,0.1473,0.0433,0.0461,0.0806,0.0845,0.0897,0.0953,0.1364,0.0
14618,AL Habib GOKP Pension Fund,2026-03-12T20:42:48+00:00,0.1637,0.0774,0.0753,0.0947,0.0996,0.0999,0.1035,0.1535,0.0
14335,AL Habib Government Securities Fund,2026-03-12T20:42:50+00:00,0.1001,0.0622,0.0794,0.0942,0.0986,0.1026,0.1087,0.1562,0.0
12706,AL Habib Income Fund,2026-03-12T20:42:51+00:00,0.1002,0.0523,0.078,0.095,0.0986,0.1014,0.1058,0.1546,0.2013
12712,AL Habib Islamic Cash Fund,2026-03-12T20:42:53+00:00,0.0987,0.0854,0.09,0.0929,0.0963,0.0986,0.101,0.1422,0.1849
12709,AL Habib Islamic Income Fund,2026-03-12T20:42:54+00:00,0.0958,0.052,0.0527,0.0953,0.092,0.0945,0.1004,0.144,0.1885
15068,AL Habib Islamic Money Market Fund,2026-03-12T20:42:55+00:00,0.1147,0.1147,-0.0025,-0.0008,-0.0004,-0.0003,-0.0002,-0.0001,-0.0001
12717,AL Habib Islamic Pension Fund,2026-03-12T20:42:57+00:00,0.0887,-0.0903,-0.1769,-0.1308,-0.0892,0.1182,0.1787,1.423,2.9328
12719,AL Habib Islamic Pension Fund,2026-03-12T20:42:58+00:00,0.0904,0.0266,0.0477,0.0849,0.0868,0.0914,0.0924,0.1312,0.1751
12718,AL Habib Islamic Pension Fund,2026-03-12T20:43:00+00:00,0.0905,-0.0097,0.0051,0.0962,0.0888,0.0905,0.093,0.1305,0.1863
12713,AL Habib Islamic Savings Fund,2026-03-12T20:43:01+00:00,0.0965,0.061,0.0554,0.0919,0.0923,0.0984,0.1016,0.1436,0.1902
12708,AL Habib Islamic Stock Fund,2026-03-12T20:43:02+00:00,0.11,-0.0802,-0.1634,-0.1152,-0.0744,0.1389,0.9335,1.3599,2.7842
12711,AL Habib Money Market Fund,2026-03-12T20:43:03+00:00,0.1015,0.0949,0.0942,0.0972,0.1004,0.1014,0.1051,0.1496,0.1957
12714,AL Habib Pension Fund,2026-03-12T20:43:05+00:00,0.207,-0.0964,-0.175,-0.0905,-0.0178,0.2447,0.3181,1.7463,3.5434
12715,AL Habib Pension Fund,2026-03-12T20:43:06+00:00,0.1038,0.0327,0.0598,0.1054,0.1035,0.1037,0.109,0.1645,0.2117
12716,AL Habib Pension Fund,2026-03-12T20:43:08+00:00,0.1053,0.0765,0.0842,0.1018,0.1048,0.1052,0.1052,0.1533,0.1997
14866,AL Habib Sovereign Income Fund Plan 1,2026-03-12T20:43:09+00:00,0.1076,0.1017,0.1022,0.1046,0.1083,0.1092,0.0,0.0,0.0
14872,AL Habib Sovereign Income Fund Plan 2,2026-03-12T20:43:10+00:00,0.1078,0.0957,0.0964,0.1016,0.1069,0.0,0.0,0.0,0.0
14873,AL Habib Sovereign Income Fund Plan 3,2026-03-12T20:43:11+00:00,0.1082,0.0998,0.0989,0.1009,0.1059,0.0,0.0,0.0,0.0
12705,AL Habib Stock Fund,2026-03-12T20:43:13+00:00,0.2405,-0.0921,-0.165,-0.0794,0.0026,0.2779,0.3806,1.7883,3.5387
12821,Al Meezan Mutual Fund,2026-03-12T20:43:15+00:00,0.1058,-0.0715,-0.1509,-0.1408,-0.0712,0.1405,0.2279,1.0612,2.1335
12882,Alfalah Asset Allocation Fund,2026-03-12T20:43:16+00:00,0.1728,-0.0796,-0.1221,-0.066,-0.0167,0.2089,0.2632,1.1942,1.9972
12900,Alfalah Cash Fund - II,2026-03-12T20:43:17+00:00,0.0991,0.0947,0.0958,0.1008,0.0985,0.1003,0.1058,0.1588,0.2011
12680,Alfalah Consumer Index Exchange Traded Fund,2026-03-12T20:43:19+00:00,-0.0065,-0.1259,-0.212,-0.2017,-0.1803,0.0081,0.0764,0.7125,1.583
14338,Alfalah Financial Sector Income Fund,2026-03-12T20:43:20+00:00,0.1028,0.0858,0.0904,0.0982,0.102,0.1044,0.1076,0.0409,0.0
12885,Alfalah Financial Sector Opportunity Fund,2026-03-12T20:43:24+00:00,0.1314,0.1003,0.0955,0.1254,0.1181,0.1291,0.127,0.1508,0.2028
14645,Alfalah Financial Value Fund (Alfalah Financial Value Plan I),2026-03-12T20:43:25+00:00,0.4842,0.001,0.0047,0.0296,0.0566,0.0908,0.1314,0.36,0.0
14855,Alfalah Financial Value Fund - II,2026-03-12T20:43:26+00:00,-0.0189,-0.0795,-0.1299,-0.0506,-0.0336,-0.0174,0.0004,0.0,0.0
12643,Alfalah GHP Alpha Fund,2026-03-12T20:43:28+00:00,0.2416,-0.0969,-0.1691,-0.09,0.0129,0.2991,0.3559,1.5104,2.8805
12653,Alfalah GHP Cash Fund,2026-03-12T20:43:29+00:00,0.0941,0.0834,0.0846,0.087,0.0913,0.0927,0.099,0.1456,0.1925
12679,Alfalah GHP Dedicated Equity Fund,2026-03-12T20:43:30+00:00,0.1949,-0.0999,-0.1628,-0.0985,-0.015,0.2701,0.3292,3.7703,6.4722
12649,Alfalah GHP Income Fund,2026-03-12T20:43:32+00:00,0.1,0.0287,0.0585,0.0953,0.1022,0.0991,0.1063,0.1593,0.2087
12646,Alfalah GHP Income Multiplier Fund,2026-03-12T20:43:34+00:00,0.1982,0.0479,0.0559,0.088,0.0835,0.1941,0.1792,0.195,0.2411
12678,Alfalah GHP Islamic Dedicated Equity Fund,2026-03-12T20:43:36+00:00,0.1076,-0.076,-0.1499,-0.1274,-0.0523,0.1315,0.1561,0.9615,1.9638
12652,Alfalah GHP Islamic Income Fund,2026-03-12T20:43:37+00:00,0.0901,0.0377,0.0664,0.081,0.0843,0.0902,0.0935,0.1385,0.1816
12675,Alfalah GHP Islamic Pension Fund,2026-03-12T20:43:39+00:00,0.0898,-0.0585,-0.0142,0.0818,0.0745,0.0882,0.1147,0.1503,0.172
12677,Alfalah GHP Islamic Pension Fund,2026-03-12T20:43:40+00:00,0.0946,0.077,0.0764,0.0901,0.0918,0.0943,0.1061,0.145,0.1825
12676,Alfalah GHP Islamic Pension Fund,2026-03-12T20:43:42+00:00,0.1273,-0.069,-0.1428,-0.1142,-0.0345,0.1574,0.2071,1.1925,2.4181
12657,Alfalah GHP Islamic Prosperity Planning Fund (Alfalah GHP Islamic Active Allocation Plan II),2026-03-12T20:43:43+00:00,0.0223,-0.0625,-0.1186,-0.0937,-0.0493,0.0294,0.0515,0.702,1.4257
12662,Alfalah GHP Islamic Prosperity Planning Fund (Alfalah GHP Islamic Balance Allocation Plan),2026-03-12T20:43:44+00:00,0.0708,-0.01,-0.0171,0.0003,0.0249,0.0748,0.1055,0.3834,0.7317
12661,Alfalah GHP Islamic Prosperity Planning Fund (Alfalah GHP Islamic Moderate Allocation Plan),2026-03-12T20:43:46+00:00,0.1026,-0.0169,-0.028,-0.0113,0.0217,0.1143,0.1528,0.5666,1.019
12645,Alfalah GHP Islamic Stock Fund,2026-03-12T20:43:47+00:00,0.1115,-0.0728,-0.1526,-0.1232,-0.0522,0.1361,0.1562,0.973,2.1311
12664,Alfalah GHP Islamic Value Fund,2026-03-12T20:43:49+00:00,0.0701,0.0025,0.0068,0.0232,0.0461,0.0751,0.1104,0.3227,0.6397
12654,Alfalah GHP Money Market Fund,2026-03-12T20:43:50+00:00,0.0996,0.0904,0.0903,0.0957,0.0981,0.1004,0.1044,0.1513,0.1972
12673,Alfalah GHP Pension Fund,2026-03-12T20:43:52+00:00,0.0948,0.0814,0.0806,0.0875,0.0944,0.0945,0.0996,0.1483,0.1939
12672,Alfalah GHP Pension Fund,2026-03-12T20:43:54+00:00,0.2229,-0.089,-0.1651,-0.1019,0.0043,0.2496,0.2905,1.4113,2.8781
12674,Alfalah GHP Pension Fund,2026-03-12T20:43:55+00:00,0.0859,-0.1612,-0.0608,0.0849,0.0864,0.0918,0.1243,0.1614,0.1963
12660,Alfalah GHP Prosperity Planning Fund (Alfalah GHP Active Allocation Plan),2026-03-12T20:43:56+00:00,0.2051,-0.0769,-0.1323,-0.0771,-0.0044,0.2391,0.3007,1.2643,2.2118
12658,Alfalah GHP Prosperity Planning Fund (Alfalah GHP Conservative Allocation Plan),2026-03-12T20:43:58+00:00,0.1047,-0.0144,-0.02,0.0091,0.0419,0.1154,0.1528,0.5442,0.9498
12659,Alfalah GHP Prosperity Planning Fund (Alfalah GHP Moderate Allocation Plan),2026-03-12T20:43:59+00:00,0.1502,-0.0158,-0.0228,0.0036,0.0494,0.1675,0.21,0.7139,1.2973
14667,Alfalah GHP Prosperity Planning Fund (Capital Preservation Plan IV),2026-03-12T20:44:00+00:00,0.5006,-0.0291,-0.0518,-0.0097,0.0284,0.1378,0.1866,0.0,0.0
12655,Alfalah GHP Sovereign Fund,2026-03-12T20:44:02+00:00,0.0868,-0.1546,-0.0489,0.0838,0.0821,0.0947,0.1101,0.1602,0.2111
12650,Alfalah GHP Stock Fund,2026-03-12T20:44:03+00:00,0.2187,-0.0934,-0.1691,-0.0969,0.003,0.2543,0.2931,1.3779,2.8074
12647,Alfalah GHP Value Fund,2026-03-12T20:44:05+00:00,0.1881,-0.0808,-0.1345,-0.069,0.0025,0.2156,0.2817,0.9598,1.8492
15075,Alfalah GOPB Islamic Pension Fund,2026-03-12T20:44:06+00:00,0.0,0.0,0.0,0.0,0.0,0.0,0.0,0.0,0.0
15074,Alfalah GOPB Pension Fund,2026-03-12T20:44:07+00:00,0.0,0.0,0.0,0.0,0.0,0.0,0.0,0.0,0.0
12894,Alfalah Government Securities Fund - II,2026-03-12T20:44:09+00:00,0.0884,-0.1093,-0.0283,0.086,0.089,0.0928,0.1117,0.1617,0.1728
14718,Alfalah Government Securities Fund Plan I,2026-03-12T20:44:10+00:00,0.0853,-0.3002,-0.1379,0.0831,0.0846,0.0891,0.1114,0.0,0.0
14751,Alfalah Government Securities Fund Plan II,2026-03-12T20:44:11+00:00,0.0813,-0.0722,-0.002,0.0755,0.0794,0.0814,0.1056,0.0,0.0
12880,Alfalah Income & Growth Fund,2026-03-12T20:44:13+00:00,0.1014,0.1018,0.1018,0.101,0.1019,0.078,0.0217,0.1058,0.1663
14632,Alfalah Islamic KPK Employee Pension Fund,2026-03-12T20:44:14+00:00,0.1358,0.0155,0.0443,0.0817,0.0859,0.0912,0.0976,0.1266,0.0
14339,Alfalah Islamic Money Market Fund,2026-03-12T20:44:15+00:00,0.0995,0.0838,0.0885,0.0945,0.0982,0.1001,0.1028,0.1474,0.0
12668,Alfalah Islamic Rozana Amdani Fund,2026-03-12T20:44:16+00:00,0.0891,0.0732,0.0783,0.0837,0.0869,0.0905,0.0955,0.1224,0.1333
14340,Alfalah Islamic Sovereign Fund (Alfalah Islamic Sovereign Plan I),2026-03-12T20:44:18+00:00,0.0279,-0.7449,-0.4922,-0.0837,0.001,0.0318,0.0454,0.1101,0.0
14566,Alfalah Islamic Sovereign Fund (Alfalah Islamic Sovereign Plan II),2026-03-12T20:44:19+00:00,0.0849,-0.052,-0.0157,0.0821,0.0784,0.0869,0.0875,0.1321,0.0
14708,Alfalah Islamic Sovereign Fund (Alfalah Islamic Sovereign Plan III),2026-03-12T20:44:20+00:00,0.0927,-0.0881,-0.0182,0.0742,0.0873,0.094,0.0923,0.0,0.0
15011,Alfalah Islamic Stable Return Fund Plan X,2026-03-12T20:44:22+00:00,0.106,0.1033,0.1042,0.106,0.0,0.0,0.0,0.0,0.0
15044,Alfalah Islamic Stable Return Fund Plan XII,2026-03-12T20:44:23+00:00,0.1,0.0993,0.0967,0.0,0.0,0.0,0.0,0.0,0.0
15054,Alfalah Islamic Stable Return Fund Plan XIII,2026-03-12T20:44:24+00:00,0.0986,0.1012,0.0,0.0,0.0,0.0,0.0,0.0,0.0
14544,Alfalah KPK Employee Pension Fund,2026-03-12T20:44:25+00:00,0.1576,0.0886,0.0855,0.0933,0.0951,0.1,0.1052,0.1451,0.0
14342,Alfalah KTrade Islamic Plan VII,2026-03-12T20:44:26+00:00,0.047,0.0009,0.0052,0.0196,0.0393,0.0505,0.0731,0.1737,0.0
12884,Alfalah Money Market Fund - II,2026-03-12T20:44:28+00:00,0.1012,0.0988,0.1054,0.1075,0.1001,0.1012,0.1063,0.1486,0.1916
12887,Alfalah MTS Fund,2026-03-12T20:44:29+00:00,0.1131,0.095,0.1004,0.1035,0.1102,0.1119,0.1169,0.1451,0.1984
12913,Alfalah Pension Fund - II,2026-03-12T20:44:30+00:00,-0.4366,-1.4237,-1.3176,-1.2454,-0.6163,-0.4084,-0.2846,-0.0804,0.0001
12915,Alfalah Pension Fund - II,2026-03-12T20:44:32+00:00,-0.2331,-0.0295,-0.0699,-0.1557,-0.191,-0.2336,-0.2368,0.2906,0.9853
12914,Alfalah Pension Fund - II,2026-03-12T20:44:33+00:00,-1.4314,-0.2254,0.0,-4.0556,-2.0278,-1.3519,-1.0,-0.5,-0.3333
12881,Alfalah Savings Growth Fund,2026-03-12T20:44:35+00:00,0.1011,-0.1366,-0.0409,0.096,0.0989,0.1052,0.1141,0.187,0.2157
12903,Alfalah Special Savings Fund - I,2026-03-12T20:44:36+00:00,0.0601,-0.0081,-0.0089,0.0205,0.0416,0.0641,0.1259,0.1939,0.4088
12907,Alfalah Special Savings Fund - II,2026-03-12T20:44:37+00:00,0.0684,0.0027,0.0069,0.0236,0.0488,0.0723,0.1359,0.5462,0.8866
14858,Alfalah Stable Return Fund Plan XX,2026-03-12T20:44:39+00:00,0.0732,-0.2637,-0.116,0.0455,0.0677,0.0787,0.0,0.0,0.0
14875,Alfalah Stable Return Fund Plan XXI,2026-03-12T20:44:40+00:00,0.0998,0.0618,0.0862,0.1042,0.096,0.0,0.0,0.0,0.0
14916,Alfalah Stable Return Fund Plan XXII,2026-03-12T20:44:41+00:00,0.1012,0.0307,0.0564,0.1042,0.1017,0.0,0.0,0.0,0.0
14936,Alfalah Stable Return Fund Plan XXIII,2026-03-12T20:44:42+00:00,0.1021,0.0073,0.0453,0.102,0.0,0.0,0.0,0.0,0.0
14942,Alfalah Stable Return Fund Plan XXIV,2026-03-12T20:44:43+00:00,0.1046,0.0658,0.0779,0.1039,0.0,0.0,0.0,0.0,0.0
14976,Alfalah Stable Return Fund Plan XXVI,2026-03-12T20:44:44+00:00,0.1188,0.0813,0.0728,0.1141,0.0,0.0,0.0,0.0,0.0
15071,Alfalah Stable Return Fund Plan XXVII,2026-03-12T20:44:45+00:00,0.0,0.0,0.0,0.0,0.0,0.0,0.0,0.0,0.0
12879,Alfalah Stock Fund - II,2026-03-12T20:44:47+00:00,0.1256,-0.1037,-0.1746,-0.0975,-0.0245,0.1786,0.2435,1.5492,0.4874
14763,Alfalah Strategic Allocation Fund Plan - I,2026-03-12T20:44:49+00:00,0.2195,0.0013,-0.0976,-0.0247,0.0697,0.2364,0.2786,0.0,0.0
14349,Alhamra Cash Management Optimizer,2026-03-12T20:44:50+00:00,0.1004,0.0909,0.0932,0.0961,0.0993,0.1003,0.1037,0.1484,0.0001
12743,Alhamra Daily Dividend Fund,2026-03-12T20:44:51+00:00,0.0923,0.0829,0.0838,0.0862,0.0894,0.0923,0.0982,0.139,0.1778
14683,Alhamra Government Securities Plan I,2026-03-12T20:44:52+00:00,0.0863,-0.04,0.0128,0.0705,0.0762,0.0886,0.0888,0.0,0.0
12725,Alhamra Islamic Asset Allocation Fund,2026-03-12T20:44:54+00:00,0.1287,-0.0725,-0.1429,-0.0968,-0.0331,0.1822,0.2704,1.1553,2.221
12737,Alhamra Islamic Income Fund,2026-03-12T20:44:55+00:00,0.0911,-0.0689,-0.0064,0.0837,0.0861,0.091,0.1002,0.1473,0.1863
12744,Alhamra Islamic Money Market Fund,2026-03-12T20:44:57+00:00,0.0953,0.0796,0.0836,0.0884,0.0924,0.095,0.0971,0.1435,0.187
12761,Alhamra Islamic Pension Fund,2026-03-12T20:44:58+00:00,0.1523,-0.0724,-0.1458,-0.0872,-0.0315,0.2082,0.2979,1.3042,2.5813
12762,Alhamra Islamic Pension Fund,2026-03-12T20:45:00+00:00,0.0875,-0.1443,-0.0414,0.0755,0.0775,0.0869,0.0985,0.1662,0.2013
12763,Alhamra Islamic Pension Fund,2026-03-12T20:45:01+00:00,0.091,-0.029,0.0224,0.0829,0.0856,0.091,0.0967,0.1605,0.2021
15036,Alhamra Islamic Punjab Pension Fund,2026-03-12T20:45:03+00:00,0.0982,0.094,0.0969,0.0,0.0,0.0,0.0,0.0,0.0
12733,Alhamra Islamic Stock Fund,2026-03-12T20:45:04+00:00,0.1395,-0.0769,-0.1497,-0.0919,-0.0386,0.1942,0.2696,1.242,2.4533
14576,Alhamra Opportunity Fund (Dividend Strategy Plan),2026-03-12T20:45:05+00:00,0.2676,-0.0601,-0.1067,-0.0438,0.0679,0.3367,0.3829,1.1827,0.0
12745,Alhamra Smart Portfolio,2026-03-12T20:45:07+00:00,0.0814,-0.0191,-0.0367,-0.0061,0.0228,0.0954,0.1355,0.4594,0.853
15042,Alhamra Wada Fund (Alhamra Wada Plan XVI),2026-03-12T20:45:08+00:00,0.1009,0.0991,0.0992,0.0,0.0,0.0,0.0,0.0,0.0
12787,Allied Finergy Fund,2026-03-12T20:45:09+00:00,0.2186,-0.0387,-0.111,-0.0428,0.0458,0.2495,0.3019,1.1648,2.3845
13109,Askari Cash Fund,2026-03-12T20:45:11+00:00,0.0906,0.0858,0.0858,0.0855,0.0875,0.0914,0.0957,0.1419,0.1898
13107,Askari High Yield Scheme,2026-03-12T20:45:13+00:00,0.0623,0.043,0.048,0.0564,0.0595,0.0654,0.0728,0.1089,0.1628
13118,Askari Sovereign Yield Enhancer,2026-03-12T20:45:14+00:00,0.0914,0.0869,0.0865,0.0864,0.0906,0.0912,0.0977,0.1467,0.202
15047,Atlas Dividend Yield Fund,2026-03-12T20:45:16+00:00,-0.1213,-0.0731,-0.1213,0.0,0.0,0.0,0.0,0.0,0.0
15049,Atlas Financial Sector Fund,2026-03-12T20:45:17+00:00,-0.1324,-0.0937,-0.1324,0.0,0.0,0.0,0.0,0.0,0.0
12684,Atlas Income Fund,2026-03-12T20:45:19+00:00,0.1,0.0173,0.0534,0.0905,0.096,0.1004,0.1091,0.1599,0.2014
14685,Atlas Islamic Cash Fund,2026-03-12T20:45:21+00:00,0.0989,0.0787,0.0857,0.0923,0.097,0.0996,0.1035,0.0,0.0
12704,Atlas Islamic Dedicated Stock Fund,2026-03-12T20:45:22+00:00,0.1333,-0.0732,-0.1573,-0.1183,-0.0632,0.167,0.2161,1.082,2.1387
12688,Atlas Islamic Fund of Funds (Atlas Aggressive Allocation Islamic Plan),2026-03-12T20:45:23+00:00,0.1463,-0.052,-0.1148,-0.0816,-0.0241,0.1745,0.2196,0.8943,1.7147
12690,Atlas Islamic Fund of Funds (Atlas Conservative Allocation Islamic Plan),2026-03-12T20:45:25+00:00,0.1133,-0.0219,-0.05,-0.0242,0.0151,0.1295,0.1649,0.5526,1.0174
12689,Atlas Islamic Fund of Funds (Atlas Moderate Allocation Islamic Plan),2026-03-12T20:45:26+00:00,0.1335,-0.0398,-0.0889,-0.0588,-0.0123,0.1585,0.2002,0.754,1.4014
12683,Atlas Islamic Income Fund,2026-03-12T20:45:28+00:00,0.0968,0.0659,0.0788,0.0904,0.0951,0.1013,0.1035,0.1492,0.1885
12693,Atlas Islamic Money Market Fund,2026-03-12T20:45:29+00:00,0.1032,0.0885,0.094,0.0997,0.1029,0.1031,0.1047,0.149,0.1921
12681,Atlas Islamic Stock Fund,2026-03-12T20:45:31+00:00,0.1297,-0.0741,-0.157,-0.1192,-0.067,0.1635,0.2138,1.0991,2.2062
14574,Atlas KPK Islamic Pension Fund,2026-03-12T20:45:32+00:00,0.1593,0.0899,0.0912,0.1029,0.1041,0.1015,0.1037,0.1491,0.0
12695,Atlas Liquid Fund,2026-03-12T20:45:33+00:00,0.1033,0.0885,0.0912,0.098,0.1019,0.1031,0.1066,0.1543,0.1982
12685,Atlas Money Market Fund,2026-03-12T20:45:35+00:00,0.1042,0.0897,0.0918,0.0982,0.1022,0.1041,0.1075,0.1549,0.2005
12700,Atlas Pension Fund,2026-03-12T20:45:37+00:00,0.1044,0.0898,0.0918,0.0992,0.102,0.1041,0.1098,0.1598,0.2073
12696,Atlas Pension Fund,2026-03-12T20:45:38+00:00,0.2255,-0.0875,-0.1599,-0.0984,-0.0103,0.2715,0.3304,1.4103,2.8847
12701,Atlas Pension Fund,2026-03-12T20:45:40+00:00,0.0986,0.0014,0.0433,0.0921,0.0978,0.1,0.1088,0.1674,0.213
12697,Atlas Pension Islamic Fund,2026-03-12T20:45:42+00:00,0.0997,0.0745,0.0829,0.0967,0.1002,0.0985,0.0974,0.1435,0.1889
12698,Atlas Pension Islamic Fund,2026-03-12T20:45:44+00:00,0.0995,0.066,0.0811,0.0945,0.0972,0.0997,0.1052,0.1515,0.1931
12699,Atlas Pension Islamic Fund,2026-03-12T20:45:46+00:00,0.1572,-0.0687,-0.1502,-0.1078,-0.0457,0.1936,0.2543,1.224,2.4904
14965,Atlas Punjab Islamic Pension Fund,2026-03-12T20:45:47+00:00,0.0926,0.3315,0.1782,0.0916,0.0,0.0,0.0,0.0,0.0
14966,Atlas Punjab Pension Fund,2026-03-12T20:45:48+00:00,0.1038,0.1887,0.2135,0.1053,0.0,0.0,0.0,0.0,0.0
12687,Atlas Sovereign Fund,2026-03-12T20:45:50+00:00,0.0957,-0.0734,0.0106,0.0829,0.0928,0.0968,0.1028,0.1671,0.2082
12682,Atlas Stock Market Fund,2026-03-12T20:45:51+00:00,0.193,-0.0893,-0.1624,-0.1033,-0.0268,0.235,0.285,1.3253,2.6795
12875,AWT Financial Sector Income Fund,2026-03-12T20:45:53+00:00,0.0718,0.0618,0.0651,0.0662,0.0696,0.0724,0.0783,0.1317,0.1883
12867,AWT Income Fund,2026-03-12T20:45:54+00:00,0.0877,0.0195,0.0374,0.0696,0.0825,0.0885,0.0946,0.1541,0.2036
14922,AWT Islamic Asset Allocation Fund,2026-03-12T20:45:55+00:00,-0.0775,-0.0634,-0.1316,-0.0974,0.0,0.0,0.0,0.0,0.0
12871,AWT Islamic Income Fund,2026-03-12T20:45:57+00:00,0.0996,0.0791,0.0826,0.0953,0.0966,0.1001,0.1054,0.1546,0.2022
14805,AWT Islamic Money Market Fund,2026-03-12T20:45:58+00:00,0.1025,0.0965,0.0962,0.0986,0.1018,0.1028,0.1066,0.0,0.0
14841,AWT Islamic Pension Fund,2026-03-12T20:45:59+00:00,0.0999,0.0996,0.0972,0.1174,0.1039,0.0985,0.0,0.0,0.0
14839,AWT Islamic Pension Fund,2026-03-12T20:46:00+00:00,0.1209,-0.0748,-0.1528,-0.1091,-0.0598,0.1506,0.0,0.0,0.0
14840,AWT Islamic Pension Fund,2026-03-12T20:46:01+00:00,0.125,0.0928,0.0903,0.143,0.1223,0.1225,0.0,0.0,0.0
12870,AWT Islamic Stock Fund,2026-03-12T20:46:03+00:00,0.1236,-0.0812,-0.1601,-0.1198,-0.0694,0.1583,0.1903,1.0356,1.9144
15009,EFU Hemayah Pension Fund,2026-03-12T20:46:04+00:00,0.0247,-0.0032,0.0057,0.0224,0.0,0.0,0.0,0.0,0.0
15008,EFU Hemayah Pension Fund,2026-03-12T20:46:05+00:00,-0.1632,-0.0684,-0.143,-0.1639,0.0,0.0,0.0,0.0,0.0
15010,EFU Hemayah Pension Fund,2026-03-12T20:46:06+00:00,0.0464,0.0419,0.0351,0.0457,0.0,0.0,0.0,0.0,0.0
12891,Faysal Halal Amdani Fund,2026-03-12T20:46:08+00:00,0.0904,0.0865,0.0856,0.0872,0.0883,0.0911,0.093,0.1371,0.1822
14883,Faysal Halal Amdani Fund II,2026-03-12T20:46:09+00:00,0.104,0.0965,0.0971,0.0982,0.1027,0.0,0.0,0.0,0.0
14989,Faysal Halal Amdani Fund III,2026-03-12T20:46:11+00:00,0.0931,0.0829,0.0925,0.0918,0.0,0.0,0.0,0.0,0.0
12886,Faysal Islamic Asset Allocation Fund,2026-03-12T20:46:12+00:00,0.0745,0.0016,0.0053,0.0256,0.049,0.083,0.118,0.3632,0.6561
14702,Faysal Islamic Asset Allocation Fund II,2026-03-12T20:46:13+00:00,0.1113,-0.0462,-0.0844,-0.0701,-0.0251,0.1098,0.1026,0.0,0.0
14919,Faysal Islamic Asset Allocation Fund III (Faysal Shariah Flex Plan I),2026-03-12T20:46:14+00:00,0.0346,-0.0049,-0.0101,0.0058,0.0,0.0,0.0,0.0,0.0
14970,Faysal Islamic Asset Allocation Fund III (Faysal Shariah Flex Plan II),2026-03-12T20:46:15+00:00,0.0306,0.0015,0.0029,0.0263,0.0,0.0,0.0,0.0,0.0
15031,Faysal Islamic Asset Allocation Fund III (Faysal Shariah Flex Plan III),2026-03-12T20:46:16+00:00,0.0134,0.002,0.0075,0.0,0.0,0.0,0.0,0.0,0.0
12888,Faysal Islamic Cash Fund,2026-03-12T20:46:19+00:00,0.0905,0.0874,0.0866,0.0885,0.0889,0.091,0.0928,0.1439,0.1896
12916,Faysal Islamic Dedicated Equity Fund,2026-03-12T20:46:21+00:00,0.0821,-0.0697,-0.15,-0.1093,-0.0413,0.0821,0.0821,-0.2226,0.0319
14363,Faysal Islamic Financial Growth Fund (Faysal Islamic Financial Growth Plan I),2026-03-12T20:46:22+00:00,0.0858,0.0792,0.0804,0.0861,0.0848,0.0858,0.0886,0.137,0.0
14701,Faysal Islamic Financial Growth Fund (Faysal Islamic Financial Growth Plan II),2026-03-12T20:46:23+00:00,0.094,0.0844,0.0847,0.0877,0.0901,0.0943,0.0955,0.0,0.0
14990,Faysal Islamic Financial Growth Fund II,2026-03-12T20:46:24+00:00,0.1039,0.0982,0.0999,0.1026,0.0,0.0,0.0,0.0,0.0
14888,Faysal Islamic Financial Planning Fund II (Faysal Priority Ascend Plan I),2026-03-12T20:46:25+00:00,0.1306,-0.0065,-0.0177,0.018,0.0677,0.0,0.0,0.0,0.0
14901,Faysal Islamic Financial Planning Fund II (Faysal Priority Ascend Plan II),2026-03-12T20:46:26+00:00,0.0555,0.001,0.0031,0.024,0.0468,0.0,0.0,0.0,0.0
14863,Faysal Islamic Financial Planning Fund II (Faysal Priority Ascend Plan III),2026-03-12T20:46:28+00:00,0.0701,0.0026,0.0071,0.0219,0.048,0.0756,0.0,0.0,0.0
14578,Faysal Islamic KPK Government Pension Fund,2026-03-12T20:46:29+00:00,0.1416,0.0807,0.0848,0.1135,0.1016,0.0922,0.0947,0.1334,0.0
14670,Faysal Islamic Mustakil Munafa Fund (Faysal Islamic Mehdood Muddat Plan I),2026-03-12T20:46:30+00:00,0.1,0.0617,0.0861,0.1041,0.0954,0.098,0.1106,0.0,0.0
14859,Faysal Islamic Mustakil Munafa Fund (Faysal Islamic Mehdood Muddat Plan VI),2026-03-12T20:46:32+00:00,0.1113,0.1019,0.101,0.1051,0.1091,0.1117,0.0,0.0,0.0
14992,Faysal Islamic Mustakil Munafa Fund (Faysal Islamic Mehdood Muddat Plan XV),2026-03-12T20:46:33+00:00,0.102,0.1076,0.0996,0.102,0.0,0.0,0.0,0.0,0.0
15055,Faysal Islamic Mustakil Munafa Fund (Faysal Islamic Mehdood Muddat Plan XVI),2026-03-12T20:46:34+00:00,0.1008,0.0967,0.0,0.0,0.0,0.0,0.0,0.0,0.0
15056,Faysal Islamic Mustakil Munafa Fund (Faysal Islamic Mehdood Muddat Plan XVII),2026-03-12T20:46:35+00:00,0.1018,0.0966,0.0,0.0,0.0,0.0,0.0,0.0,0.0
12910,Faysal Islamic Pension Fund,2026-03-12T20:46:36+00:00,0.082,0.0429,0.054,0.0803,0.0767,0.084,0.0955,0.1464,0.1837
12912,Faysal Islamic Pension Fund,2026-03-12T20:46:37+00:00,0.1571,-0.0683,-0.1423,-0.1076,-0.036,0.1875,0.2411,1.202,2.3862
12911,Faysal Islamic Pension Fund,2026-03-12T20:46:39+00:00,0.0889,0.0543,0.0619,0.0868,0.0852,0.0897,0.0991,0.1519,0.1967
14996,Faysal Islamic Punjab Pension Fund,2026-03-12T20:46:40+00:00,0.1047,0.1021,0.1028,0.0,0.0,0.0,0.0,0.0,0.0
12883,Faysal Islamic Savings Growth Fund,2026-03-12T20:46:41+00:00,0.0819,0.0457,0.058,0.0842,0.0772,0.0818,0.0904,0.1417,0.1741
12909,Faysal Islamic Sovereign Fund (Faysal Islamic Sovereign Plan I),2026-03-12T20:46:43+00:00,0.0694,0.0119,0.0325,0.0731,0.0593,0.0683,0.0787,0.1244,0.1766
14589,Faysal Islamic Sovereign Fund (Faysal Islamic Sovereign Plan II),2026-03-12T20:46:44+00:00,0.0664,0.0527,0.0574,0.0814,0.0602,0.0667,0.0747,0.1287,0.0
12905,Faysal Islamic Special Income Plan I,2026-03-12T20:46:46+00:00,0.0921,0.0051,0.0231,0.0904,0.0868,0.09,0.1025,0.1394,0.1885
12896,Faysal Islamic Stock Fund,2026-03-12T20:46:47+00:00,0.1388,-0.0742,-0.1526,-0.1221,-0.0554,0.162,0.16,1.0268,1.6607
14817,Faysal Islamic Stock Fund II,2026-03-12T20:46:48+00:00,0.2171,-0.0623,-0.1142,-0.0489,0.0196,0.2478,0.2277,0.0,0.0
14791,Faysal Khushal Mustaqbil Fund (Faysal Barak’ah Women Savers Plan),2026-03-12T20:46:49+00:00,0.0609,0.0022,0.0058,0.0195,0.0416,0.0653,0.0879,0.0,0.0
14789,Faysal Khushal Mustaqbil Fund (Faysal Nu’umah Women Savers Plan),2026-03-12T20:46:50+00:00,0.0611,0.0022,0.006,0.0199,0.042,0.0654,0.0867,0.0,0.0
12917,First Capital Mutual Fund,2026-03-12T20:46:52+00:00,0.1714,-0.0804,-0.1712,-0.1098,-0.029,0.2046,0.2315,0.9243,1.7696
12808,Golden Arrow Stock Fund,2026-03-12T20:46:53+00:00,0.0895,-0.0821,-0.1878,-0.166,-0.1097,0.1615,0.2363,1.0229,1.6433
12927,HBL Cash Fund,2026-03-12T20:46:55+00:00,0.0981,0.0844,0.0869,0.0933,0.0968,0.0989,0.1045,0.1507,0.19
12920,HBL Energy Fund,2026-03-12T20:46:56+00:00,0.1768,-0.0258,-0.1386,-0.0747,0.0403,0.2071,0.1835,0.0,2.0805
12930,HBL Equity Fund,2026-03-12T20:46:58+00:00,0.0425,-0.0867,-0.2087,-0.2207,-0.1329,0.0613,0.0565,0.0,1.7871
12952,HBL Financial Sector Income Fund Plan I,2026-03-12T20:46:59+00:00,0.0947,0.063,0.0731,0.0892,0.0928,0.0995,0.104,0.0,0.2022
14609,HBL Financial Sector Income Fund Plan II,2026-03-12T20:47:00+00:00,0.1625,0.1022,0.1023,0.1076,0.1107,0.1168,0.1161,0.0,0.0
12925,HBL Government Securities Fund,2026-03-12T20:47:02+00:00,0.1043,-0.1037,-0.0131,0.1168,0.1074,0.1047,0.109,0.0,0.2149
12942,HBL Growth Fund-Class A,2026-03-12T20:47:03+00:00,-0.0421,-0.0697,-0.2147,-0.2228,-0.1215,-0.0201,-0.0401,0.0,1.805
12951,HBL Growth Fund-Class B,2026-03-12T20:47:05+00:00,0.1497,-0.0915,-0.1854,-0.1477,-0.048,0.1682,0.1973,0.0,1.9249
12921,HBL Income Fund,2026-03-12T20:47:06+00:00,0.1012,-0.0012,0.0292,0.1054,0.1029,0.1012,0.1014,0.1525,0.1994
12943,HBL Investment Fund-Class A,2026-03-12T20:47:08+00:00,0.0203,-0.0133,-0.1951,-0.1679,-0.0659,0.0444,0.1165,1.0985,2.1075
12946,HBL Investment Fund-Class B,2026-03-12T20:47:09+00:00,0.1849,-0.0676,-0.1947,-0.0747,-0.0051,0.1921,0.2752,0.8598,1.9821
12934,HBL Islamic Asset Allocation Fund,2026-03-12T20:47:11+00:00,0.1208,-0.055,-0.132,-0.1016,-0.0134,0.1255,0.1587,0.0,1.9569
12932,HBL Islamic Equity Fund,2026-03-12T20:47:12+00:00,0.136,-0.0684,-0.1558,-0.1246,-0.0398,0.1455,0.1644,0.0,1.6747
15027,HBL Islamic Fixed Term Fund Plan II,2026-03-12T20:47:17+00:00,0.0,0.0,0.0,0.0,0.0,0.0,0.0,0.0,0.0
12933,HBL Islamic Income Fund,2026-03-12T20:47:18+00:00,0.0977,0.0469,0.0557,0.0959,0.0944,0.0987,0.1006,0.0,0.1882
12928,HBL Islamic Money Market Fund,2026-03-12T20:47:20+00:00,0.0967,0.0789,0.0859,0.0907,0.0949,0.1,0.1026,0.1442,0.1888
12957,HBL Islamic Pension Fund,2026-03-12T20:47:22+00:00,0.1265,-0.0697,-0.1529,-0.1292,-0.0188,0.1448,0.1803,1.0857,2.1133
12958,HBL Islamic Pension Fund,2026-03-12T20:47:24+00:00,0.0929,0.0189,0.0447,0.0911,0.0869,0.0944,0.1046,0.1569,0.2019
12959,HBL Islamic Pension Fund,2026-03-12T20:47:25+00:00,0.0882,0.061,0.0716,0.0883,0.0885,0.0919,0.0931,0.1387,0.1883
14601,HBL Islamic Savings Plan I,2026-03-12T20:47:26+00:00,0.0945,0.0781,0.0823,0.0887,0.0909,0.1005,0.1003,0.1401,0.0
12929,HBL Islamic Stock Fund,2026-03-12T20:47:28+00:00,0.0917,-0.0657,-0.1523,-0.1422,-0.0542,0.1155,0.1392,0.0,1.7904
14558,HBL KPK Islamic Pension Fund,2026-03-12T20:47:29+00:00,0.1447,0.0343,0.0637,0.0777,0.0851,0.0855,0.0832,0.0,0.0
14630,HBL KPK Pension Fund,2026-03-12T20:47:30+00:00,0.158,0.0835,0.0888,0.0955,0.1003,0.1013,0.1028,0.0,0.0
14938,HBL Mehfooz Munafa Fund Plan IV,2026-03-12T20:47:31+00:00,0.104,0.0798,0.0947,0.1005,0.0,0.0,0.0,0.0,0.0
14896,HBL Mehfooz Munafa Fund Plan X,2026-03-12T20:47:32+00:00,0.1022,0.1018,0.0989,0.0985,0.101,0.0,0.0,0.0,0.0
14945,HBL Mehfooz Munafa Fund Plan XI,2026-03-12T20:47:36+00:00,0.0,0.0,0.0,0.0,0.0,0.0,0.0,0.0,0.0
14954,HBL Mehfooz Munafa Fund Plan XIII,2026-03-12T20:47:40+00:00,0.0,0.0,0.0,0.0,0.0,0.0,0.0,0.0,0.0
12924,HBL Money Market Fund,2026-03-12T20:47:43+00:00,0.0942,0.0779,0.0808,0.0867,0.0916,0.096,0.0994,0.1446,0.1879
12923,HBL Multi Asset Fund,2026-03-12T20:47:44+00:00,0.0895,-0.0613,-0.1142,-0.0999,-0.0275,0.1045,0.1286,0.0,1.4936
12955,HBL Pension Fund,2026-03-12T20:47:46+00:00,0.0925,-0.0664,0.0059,0.0922,0.0915,0.0965,0.1073,0.1676,0.2143
12954,HBL Pension Fund,2026-03-12T20:47:47+00:00,0.1321,-0.0883,-0.1637,-0.1465,-0.0434,0.1556,0.1914,0.9662,2.0153
12956,HBL Pension Fund,2026-03-12T20:47:48+00:00,0.0929,0.0731,0.079,0.0873,0.0916,0.0937,0.0977,0.1473,0.1923
12922,HBL Stock Fund,2026-03-12T20:47:50+00:00,0.1461,-0.0951,-0.1728,-0.1529,-0.06,0.1638,0.1948,0.0,1.7918
12963,HBL Total Treasury Exchange Traded Fund,2026-03-12T20:47:51+00:00,0.0962,0.0433,0.0575,0.0826,0.0928,0.0978,0.1039,0.1619,5.0401
12978,JS Cash Fund,2026-03-12T20:47:53+00:00,0.1005,0.1162,0.0931,0.1011,0.0994,0.1,0.1041,0.1516,0.1982
14644,JS Fixed Term Munafa Fund (JS Fixed Term Munafa Plan I),2026-03-12T20:47:54+00:00,0.1718,-0.4613,-0.2514,0.1496,0.0219,0.0419,0.0844,0.1702,0.0
15039,JS Fixed Term Munafa Fund (JS Fixed Term Munafa Plan XIX),2026-03-12T20:47:56+00:00,-0.0403,-0.1393,-0.0494,0.0,0.0,0.0,0.0,0.0,0.0
14844,JS Fixed Term Munafa Fund (JS Fixed Term Munafa Plan XV),2026-03-12T20:47:57+00:00,0.094,0.0909,0.0849,0.0959,0.0965,0.095,0.0,0.0,0.0
15040,JS Fixed Term Munafa Fund (JS Fixed Term Munafa Plan XX),2026-03-12T20:47:58+00:00,0.0113,-0.0753,-0.0002,0.0,0.0,0.0,0.0,0.0,0.0
15045,JS Fixed Term Munafa Fund (JS Fixed Term Munafa Plan XXI),2026-03-12T20:47:59+00:00,-1.1904,0.0613,-1.4983,0.0,0.0,0.0,0.0,0.0,0.0
14853,JS Fixed Term Munafa Fund II (JS Fixed Term Munafa Plan I),2026-03-12T20:48:00+00:00,0.0911,0.0153,0.0432,0.093,0.093,0.0905,0.0,0.0,0.0
14930,JS Fixed Term Munafa Fund II (JS Fixed Term Munafa Plan IV),2026-03-12T20:48:01+00:00,0.0627,-0.46,-0.2206,0.095,0.0,0.0,0.0,0.0,0.0
14962,JS Fixed Term Munafa Fund II (JS Fixed Term Munafa Plan VI),2026-03-12T20:48:02+00:00,0.0449,-0.425,-0.215,0.0759,0.0,0.0,0.0,0.0,0.0
15066,JS Fixed Term Munafa Fund II (JS Fixed Term Munafa Plan VII),2026-03-12T20:48:04+00:00,-0.6693,-0.6693,0.0,0.0,0.0,0.0,0.0,0.0,0.0
15073,JS Fixed Term Munafa Fund II (JS Fixed Term Munafa Plan VIII),2026-03-12T20:48:05+00:00,-0.25,-0.25,0.0,0.0,0.0,0.0,0.0,0.0,0.0
12968,JS Fund of Funds,2026-03-12T20:48:06+00:00,0.0764,0.0022,0.0077,0.0259,0.054,0.0813,0.11,0.6197,1.3905
13006,JS Government Securities Fund,2026-03-12T20:48:08+00:00,0.0815,-0.1527,-0.0467,0.0678,0.0802,0.0828,0.0989,0.149,0.1981
12986,JS Growth Fund,2026-03-12T20:48:09+00:00,0.2281,-0.0945,-0.1731,-0.1223,-0.043,0.2665,0.3239,1.2168,2.3728
12966,JS Income Fund,2026-03-12T20:48:11+00:00,0.0828,-0.0064,0.0142,0.0549,0.0672,0.0849,0.0964,0.1424,0.1784
12976,JS Islamic Fund,2026-03-12T20:48:13+00:00,0.0739,-0.0783,-0.1767,-0.1486,-0.096,0.109,0.1222,0.9042,1.8905
12983,JS Islamic Income Fund,2026-03-12T20:48:14+00:00,0.082,0.015,0.0206,0.0532,0.0806,0.0827,0.0867,0.1285,0.1714
13002,JS Islamic Money Market Fund,2026-03-12T20:48:16+00:00,0.0986,0.0915,0.0899,0.0922,0.0951,0.0989,0.102,0.1459,0.1891
13011,JS Islamic Pension Savings Fund,2026-03-12T20:48:17+00:00,0.0771,-0.0461,0.0319,0.0645,0.076,0.1305,0.1192,0.1436,0.183
13012,JS Islamic Pension Savings Fund,2026-03-12T20:48:19+00:00,0.0959,0.0225,0.0525,0.0989,0.0967,0.0957,0.0972,0.1551,0.197
13010,JS Islamic Pension Savings Fund,2026-03-12T20:48:20+00:00,0.0824,-0.0723,-0.1694,-0.1403,-0.0867,0.107,0.1209,0.9051,1.8636
14891,JS Islamic Sarmaya Mehfooz Fund (JS Islamic Sarmaya Mehfooz Plan 1),2026-03-12T20:48:22+00:00,0.0502,-0.0274,-0.0578,-0.0191,0.0171,0.0,0.0,0.0,0.0
14997,JS Islamic Sarmaya Mehfooz Fund Plan 2 2020,2026-03-12T20:48:23+00:00,-0.0449,-0.023,-0.0509,-0.0449,0.0,0.0,0.0,0.0,0.0
14562,JS KPK Islamic Pension Fund,2026-03-12T20:48:24+00:00,0.0998,0.0818,0.0784,0.0857,0.0977,0.0961,0.0988,0.1502,0.0997
14629,JS KPK Pension Fund,2026-03-12T20:48:26+00:00,0.1057,0.0397,0.0641,0.0853,0.089,0.1029,0.107,0.1592,0.1056
12979,JS Large Cap Fund,2026-03-12T20:48:28+00:00,0.2152,-0.0991,-0.1764,-0.1274,-0.04,0.2557,0.3104,1.284,2.5677
13005,JS Microfinance Sector Fund,2026-03-12T20:48:29+00:00,0.1139,0.1049,0.1069,0.1096,0.1129,0.1135,0.1154,0.163,0.2188
13015,JS Momentum Factor Exchange Traded Fund,2026-03-12T20:48:30+00:00,0.1588,-0.0704,-0.1459,-0.1102,0.0104,0.1763,0.2796,1.5527,3.5651
14368,JS Money Market Fund,2026-03-12T20:48:32+00:00,0.1054,0.0999,0.1005,0.1,0.0995,0.1046,0.1037,0.1547,0.2015
13007,JS Pension Savings Fund,2026-03-12T20:48:34+00:00,0.2206,-0.0944,-0.1806,-0.1272,-0.0356,0.2525,0.2772,1.4535,2.7361
13008,JS Pension Savings Fund,2026-03-12T20:48:35+00:00,0.0842,-0.1756,-0.0602,0.0696,0.0821,0.1068,0.1126,0.1609,0.2048
13009,JS Pension Savings Fund,2026-03-12T20:48:37+00:00,0.1,0.086,0.0875,0.1006,0.1006,0.1145,0.1051,0.1522,0.1986
15020,JS Punjab Islamic Pension Fund,2026-03-12T20:48:38+00:00,0.0907,0.1074,0.108,0.0,0.0,0.0,0.0,0.0,0.0
15018,JS Punjab Pension Fund,2026-03-12T20:48:39+00:00,0.0907,0.1074,0.108,0.0,0.0,0.0,0.0,0.0,0.0
12826,KSE Meezan Index Fund,2026-03-12T20:48:41+00:00,0.1946,-0.0573,-0.1402,-0.0937,-0.0221,0.224,0.2691,0.9657,1.9104
13030,Lakson Asset Allocation Developed Markets Fund,2026-03-12T20:48:42+00:00,0.0477,-0.0101,-0.0029,0.0211,0.0346,0.0539,0.0796,0.2092,0.3444
13027,Lakson Equity Fund,2026-03-12T20:48:44+00:00,0.2026,-0.0997,-0.1739,-0.1068,-0.0277,0.2298,0.3147,1.3156,2.44
15062,Lakson Fixed Return Fund Plan I,2026-03-12T20:48:45+00:00,0.0857,0.0987,0.0,0.0,0.0,0.0,0.0,0.0,0.0
13026,Lakson Income Fund,2026-03-12T20:48:47+00:00,0.1027,-0.1024,-0.0204,0.0877,0.1001,0.1015,0.1194,0.1714,0.1768
13031,Lakson Islamic Money Market Fund,2026-03-12T20:48:48+00:00,0.1013,0.097,0.0972,0.0995,0.1012,0.1017,0.106,0.1472,0.1876
13029,Lakson Islamic Tactical Fund,2026-03-12T20:48:49+00:00,0.0094,-0.0596,-0.1012,-0.0854,-0.0551,0.0094,0.0396,0.3364,0.7201
13025,Lakson Money Market Fund,2026-03-12T20:48:51+00:00,0.0992,0.0883,0.0892,0.0941,0.0983,0.0993,0.1047,0.1534,0.2007
13028,Lakson Tactical Fund,2026-03-12T20:48:52+00:00,0.2107,-0.0313,-0.0499,0.0312,0.096,0.2186,0.3608,0.8367,1.35
15033,Lucky Islamic Cash Fund,2026-03-12T20:48:54+00:00,0.0,0.0073,0.0127,0.0,0.0,0.0,0.0,0.0,0.0
15022,Lucky Islamic Energy Fund,2026-03-12T20:48:55+00:00,-0.1141,-0.0265,-0.1357,0.0,0.0,0.0,0.0,0.0,0.0
14991,Lucky Islamic Fixed Term Fund Plan VII,2026-03-12T20:48:56+00:00,0.1065,0.1012,0.1038,0.1065,0.0,0.0,0.0,0.0,0.0
15050,Lucky Islamic Fixed Term Fund Plan XII,2026-03-12T20:48:57+00:00,0.1027,0.0995,0.0999,0.0,0.0,0.0,0.0,0.0,0.0
14848,Lucky Islamic Income Fund,2026-03-12T20:48:58+00:00,0.1032,0.0803,0.0871,0.0977,0.1012,0.1037,0.0,0.0,0.0
14836,Lucky Islamic Money Market Fund,2026-03-12T20:48:59+00:00,0.1001,0.081,0.0892,0.0942,0.0983,0.1007,0.0002,0.0001,0.0001
14951,Lucky Islamic Pension Fund,2026-03-12T20:49:00+00:00,0.0986,0.0946,0.0959,0.0984,0.0,0.0,0.0,0.0,0.0
14950,Lucky Islamic Pension Fund,2026-03-12T20:49:02+00:00,0.0961,0.0904,0.0909,0.0927,0.0,0.0,0.0,0.0,0.0
14953,Lucky Islamic Pension Fund,2026-03-12T20:49:03+00:00,0.1291,-0.0379,0.0437,0.0862,0.0,0.0,0.0,0.0,0.0
14952,Lucky Islamic Pension Fund,2026-03-12T20:49:04+00:00,-0.0476,-0.0643,-0.1439,-0.1182,0.0,0.0,0.0,0.0,0.0
15007,Lucky Islamic Punjab Pension Fund,2026-03-12T20:49:05+00:00,0.0871,0.0906,0.0907,0.0,0.0,0.0,0.0,0.0,0.0
14849,Lucky Islamic Stock Fund,2026-03-12T20:49:06+00:00,0.1385,-0.0658,-0.1461,-0.1161,-0.0322,0.1715,0.0,0.0,0.0
14909,Mahaana IGI Islamic Retirement Fund,2026-03-12T20:49:07+00:00,0.1079,0.0324,0.0641,0.0906,0.1042,0.1089,0.0,0.0,0.0
14908,Mahaana IGI Islamic Retirement Fund,2026-03-12T20:49:08+00:00,0.0945,0.0472,0.0722,0.0794,0.0925,0.0946,0.0,0.0,0.0
14907,Mahaana IGI Islamic Retirement Fund,2026-03-12T20:49:09+00:00,0.1468,-0.0669,-0.1406,-0.1103,-0.0441,0.1426,0.0,0.0,0.0
14555,Mahaana Islamic Cash Fund,2026-03-12T20:49:11+00:00,0.0995,0.0794,0.0894,0.0941,0.0977,0.0998,0.1029,0.147,0.0001
14620,Mahaana Islamic Index Exchange Traded Fund,2026-03-12T20:49:12+00:00,0.1769,-0.0559,-0.1302,-0.0877,-0.0315,0.2009,0.2489,0.8434,0.0
14575,MCB Alhamra KPK Govt Employees Pension Fund,2026-03-12T20:49:13+00:00,0.1569,0.0892,0.0898,0.0916,0.0939,0.0953,0.1014,0.1448,0.0
12723,MCB Cash Management Optimizer,2026-03-12T20:49:15+00:00,0.099,0.0886,0.0894,0.0948,0.0978,0.0992,0.1034,0.1518,0.1963
14727,MCB DCF Fixed Return III (Plan IV),2026-03-12T20:49:16+00:00,0.1002,0.0186,0.0501,0.1017,0.1009,0.1031,0.1169,0.0,0.0
12722,MCB DCF Income Fund,2026-03-12T20:49:18+00:00,0.0912,0.0186,0.0412,0.0836,0.0867,0.0906,0.1005,0.1518,0.1885
14744,MCB Government Securities Plan I,2026-03-12T20:49:20+00:00,0.0981,0.0171,0.0448,0.0894,0.0922,0.097,0.1097,0.0,0.0
14699,MCB Investment Savings Plan I,2026-03-12T20:49:21+00:00,0.1208,0.1005,0.0998,0.1035,0.1064,0.1194,0.1178,0.0,0.0
14597,MCB KPK Govt Employees Pension Fund,2026-03-12T20:49:23+00:00,0.1646,0.0718,0.0782,0.0954,0.0974,0.0973,0.1023,0.1533,0.0
12720,MCB Pakistan Asset Allocation Fund,2026-03-12T20:49:25+00:00,0.2169,-0.1025,-0.1624,-0.0588,0.003,0.2796,0.3612,1.3576,2.5813
14924,MCB Pakistan Fixed Return Plan 25,2026-03-12T20:49:26+00:00,0.1029,0.0675,0.0796,0.1045,0.0,0.0,0.0,0.0,0.0
12747,MCB Pakistan Opportunity Fund (MCB Pakistan Dividend Yield Plan),2026-03-12T20:49:27+00:00,0.3746,-0.0737,-0.1174,-0.0032,0.1067,0.4383,0.5221,1.6004,3.208
12728,MCB Pakistan Sovereign Fund,2026-03-12T20:49:29+00:00,0.0877,-0.1193,-0.0312,0.0721,0.0824,0.0936,0.107,0.1624,0.203
12724,MCB Pakistan Stock Market Fund,2026-03-12T20:49:31+00:00,0.2982,-0.09,-0.1562,-0.0462,0.0385,0.3658,0.5075,1.7429,3.4275
14987,MCB Punjab Pension Fund,2026-03-12T20:49:32+00:00,0.0954,0.0549,0.0702,0.0963,0.0,0.0,0.0,0.0,0.0
12843,Meezan Asset Allocation Fund,2026-03-12T20:49:33+00:00,0.0959,-0.0616,-0.1346,-0.1275,-0.0576,0.1233,0.2142,0.9119,1.7115
12822,Meezan Balanced Fund,2026-03-12T20:49:35+00:00,0.0872,-0.0402,-0.0873,-0.0725,-0.0198,0.1048,0.1622,0.6077,1.1225
12820,Meezan Cash Fund,2026-03-12T20:49:37+00:00,0.094,0.0901,0.0889,0.0917,0.0933,0.0946,0.097,0.1401,0.182
12854,Meezan Daily Income Fund (MDIP I),2026-03-12T20:49:38+00:00,0.0919,0.0867,0.0855,0.0887,0.0895,0.0919,0.0936,0.1386,0.1838
12855,Meezan Daily Income Fund (Meezan Mahana Munafa Plan),2026-03-12T20:49:39+00:00,0.0906,0.0803,0.0808,0.0909,0.0907,0.0908,0.0916,0.1241,0.1636
14406,Meezan Daily Income Fund (Meezan Munafa Plan I),2026-03-12T20:49:40+00:00,0.0977,0.0901,0.0915,0.0943,0.0963,0.0981,0.0961,0.1378,0.0
14407,Meezan Daily Income Fund (Meezan Sehl Account Plan) (MSHP),2026-03-12T20:49:42+00:00,0.0816,0.0754,0.0752,0.0775,0.0805,0.0811,0.0803,0.1163,0.0001
14652,Meezan Daily Income Fund (Meezan Super Saver Plan) (MSSP),2026-03-12T20:49:43+00:00,0.0903,0.0759,0.0791,0.0869,0.0877,0.0904,0.0867,0.0,0.0
12864,Meezan Dedicated Equity Fund,2026-03-12T20:49:44+00:00,0.0946,-0.0673,-0.149,-0.1423,-0.0751,0.1266,0.2238,1.0497,2.0633
14709,Meezan Dynamic Asset Allocation Fund (Meezan Dividend Yield Plan),2026-03-12T20:49:45+00:00,0.2059,-0.0589,-0.1129,-0.072,0.0166,0.2593,0.3357,0.0,0.0
12837,Meezan Energy Fund,2026-03-12T20:49:47+00:00,0.1272,-0.0669,-0.1403,-0.1095,-0.0151,0.1406,0.1535,0.9018,1.9404
12827,Meezan Financial Planning Fund of Funds (Aggressive),2026-03-12T20:49:49+00:00,0.1265,-0.0338,-0.0907,-0.0787,-0.02,0.1523,0.2114,0.8299,1.564
12828,Meezan Financial Planning Fund of Funds (Conservative),2026-03-12T20:49:50+00:00,0.0799,-0.0098,-0.0287,-0.0151,0.0191,0.092,0.1221,0.4274,0.8247
12838,Meezan Financial Planning Fund of Funds (MAAP I),2026-03-12T20:49:52+00:00,0.079,-0.0447,-0.1141,-0.1034,-0.0516,0.1021,0.1803,0.7207,1.3902
12829,Meezan Financial Planning Fund of Funds (Moderate),2026-03-12T20:49:53+00:00,0.1018,-0.0264,-0.0658,-0.0496,-0.0053,0.1206,0.1641,0.6329,1.216
14408,Meezan Financial Planning Fund of Funds (Very Conservative Allocation Plan),2026-03-12T20:49:55+00:00,0.0618,0.003,0.006,0.0201,0.0437,0.0651,0.0845,0.2467,0.0
14638,Meezan GOKP Pension Fund,2026-03-12T20:49:56+00:00,0.1088,0.0906,0.0928,0.1058,0.1051,0.1081,0.1081,0.1635,0.0
12840,Meezan Gold Fund,2026-03-12T20:49:58+00:00,0.3875,-0.0379,0.0589,0.0917,0.285,0.322,0.5486,1.0986,1.3545
15043,Meezan Islamic Asaan Cash Fund,2026-03-12T20:49:59+00:00,0.0949,0.0915,0.0918,0.0,0.0,0.0,0.0,0.0,0.0
12817,Meezan Islamic Fund,2026-03-12T20:50:00+00:00,0.1396,-0.0686,-0.1464,-0.1194,-0.048,0.174,0.2438,1.0643,2.0294
14969,Meezan Islamic Government of Punjab Pension Fund,2026-03-12T20:50:01+00:00,2.1768,17.5365,7.6864,2.6684,1.2562,0.8375,0.6195,0.3098,0.2065
12818,Meezan Islamic Income Fund,2026-03-12T20:50:03+00:00,0.0894,0.0728,0.0843,0.0864,0.088,0.082,0.0839,0.1328,0.1736
15063,Meezan Paidaar Munafa Plan 34,2026-03-12T20:50:04+00:00,0.0763,0.0916,0.0,0.0,0.0,0.0,0.0,0.0,0.0
15035,Meezan Paidaar Munafa Plan 36,2026-03-12T20:50:05+00:00,0.095,0.094,0.0945,0.0,0.0,0.0,0.0,0.0,0.0
15046,Meezan Paidaar Munafa Plan 37,2026-03-12T20:50:06+00:00,0.0995,0.0989,0.0994,0.0,0.0,0.0,0.0,0.0,0.0
15064,Meezan Paidaar Munafa Plan 38,2026-03-12T20:50:08+00:00,0.0991,0.0991,0.0,0.0,0.0,0.0,0.0,0.0,0.0
15065,Meezan Paidaar Munafa Plan 39,2026-03-12T20:50:09+00:00,0.0986,0.0983,0.0,0.0,0.0,0.0,0.0,0.0,0.0
12865,Meezan Pakistan ETF,2026-03-12T20:50:10+00:00,0.2192,-0.0526,-0.1314,-0.0829,-0.0149,0.2398,0.2522,0.8455,1.8873
12852,Meezan Rozana Amdani Fund,2026-03-12T20:50:11+00:00,0.0926,0.0877,0.0877,0.0897,0.0917,0.0931,0.0955,0.1406,0.184
12824,Meezan Sovereign Fund,2026-03-12T20:50:13+00:00,0.0813,0.0272,0.0485,0.0808,0.0788,0.0747,0.0715,0.1251,0.1736
12836,Meezan Strategic Allocation Fund (MSAP I),2026-03-12T20:50:15+00:00,0.0271,-0.0855,-0.1582,-0.1407,-0.1034,0.0353,0.1206,0.6757,1.3121
12834,Meezan Strategic Allocation Fund (MSAP II),2026-03-12T20:50:17+00:00,0.0265,-0.0917,-0.1678,-0.1499,-0.113,0.035,0.1178,0.6817,1.3232
12835,Meezan Strategic Allocation Fund (MSAP III),2026-03-12T20:50:19+00:00,0.0282,-0.0878,-0.163,-0.1451,-0.1062,0.0364,0.1217,0.6445,1.2656
12845,Meezan Strategic Allocation Fund (MSAP IV),2026-03-12T20:50:20+00:00,0.0267,-0.0874,-0.1624,-0.1446,-0.1069,0.0348,0.12,0.6229,1.2306
12839,Meezan Strategic Allocation Fund (MSAP V),2026-03-12T20:50:22+00:00,0.0282,-0.0873,-0.1624,-0.1448,-0.1085,0.0362,0.1235,0.6141,1.1971
12860,Meezan Tahaffuz Pension Fund,2026-03-12T20:50:23+00:00,0.1057,-0.0732,-0.1524,-0.1433,-0.0731,0.1403,0.2376,0.0,2.2026
12862,Meezan Tahaffuz Pension Fund,2026-03-12T20:50:25+00:00,0.0969,0.0841,0.0911,0.0945,0.0961,0.0974,0.1001,0.0,0.196
12861,Meezan Tahaffuz Pension Fund,2026-03-12T20:50:27+00:00,0.0942,0.0709,0.087,0.0924,0.0943,0.0905,0.0967,0.0,0.1833
12863,Meezan Tahaffuz Pension Fund,2026-03-12T20:50:28+00:00,0.3805,-0.0371,0.0596,0.0905,0.2822,0.3154,0.5275,0.0,1.2792
13099,NAFA Islamic Pension Fund,2026-03-12T20:50:30+00:00,0.0885,0.0741,0.0814,0.0878,0.0872,0.0906,0.0947,0.1395,0.1839
13100,NAFA Islamic Pension Fund,2026-03-12T20:50:32+00:00,0.1696,-0.0858,-0.1612,-0.1178,-0.0258,0.215,0.2697,1.2684,2.2796
13101,NAFA Islamic Pension Fund,2026-03-12T20:50:34+00:00,0.0922,0.0779,0.0842,0.0897,0.0913,0.0935,0.0974,0.1387,0.1835
13097,NAFA Pension Fund,2026-03-12T20:50:36+00:00,0.2044,-0.1004,-0.1662,-0.1149,-0.0206,0.2565,0.3228,1.4856,2.809
13096,NAFA Pension Fund,2026-03-12T20:50:37+00:00,0.0982,-0.049,0.0138,0.0959,0.0968,0.1032,0.1151,0.1614,0.2062
13098,NAFA Pension Fund,2026-03-12T20:50:39+00:00,0.0953,0.0796,0.0813,0.0906,0.0947,0.0958,0.101,0.1494,0.1941
13034,National Investment Unit Trust,2026-03-12T20:50:41+00:00,0.0296,-0.0873,-0.1885,-0.169,-0.1173,0.0644,0.0827,0.9366,1.8408
13055,NBP Balanced Fund,2026-03-12T20:50:43+00:00,0.1836,-0.0752,-0.1185,-0.0728,0.0132,0.2052,0.2421,0.9799,1.6766
13093,NBP Cash Plan I,2026-03-12T20:50:44+00:00,0.0963,0.0847,0.0859,0.0919,0.0947,0.0967,0.1008,0.1494,0.1953
13094,NBP Cash Plan II,2026-03-12T20:50:46+00:00,0.098,0.085,0.0863,0.0934,0.0965,0.0985,0.1025,0.1517,0.1977
13081,NBP Financial Sector Fund,2026-03-12T20:50:47+00:00,0.4815,-0.0956,-0.14,-0.0237,0.088,0.5552,0.7456,2.038,4.5859
13062,NBP Financial Sector Income Fund,2026-03-12T20:50:49+00:00,0.104,0.0868,0.0907,0.1027,0.1036,0.105,0.1081,0.155,0.2038
15070,NBP Fixed Term Munafa Plan XIB (NBP Mustahkam Fund II),2026-03-12T20:50:50+00:00,0.0,0.0,0.0,0.0,0.0,0.0,0.0,0.0,0.0
14981,NBP Fixed Term Munafa Plan XIIA (NBP Mustahkam Fund II),2026-03-12T20:50:51+00:00,0.0891,0.0,0.0905,0.098,0.0,0.0,0.0,0.0,0.0
14934,NBP Fixed Term Munafa Plan XIII (NBP Mustahkam Fund II),2026-03-12T20:50:52+00:00,0.1017,0.0,0.0731,0.1145,0.0,0.0,0.0,0.0,0.0
15060,NBP Fixed Term Munafa Plan XIIIA (NBP Mustahkam Fund II),2026-03-12T20:50:53+00:00,0.0309,0.0,0.0,0.0,0.0,0.0,0.0,0.0,0.0
14743,NBP Fixed Term Munafa Plan XIX,2026-03-12T20:50:55+00:00,0.1011,0.0,0.0825,0.1086,0.1074,0.1113,0.1178,0.0,0.0
15053,NBP Fixed Term Munafa Plan XIXA (NBP Mustahkam Fund II),2026-03-12T20:50:56+00:00,0.0618,0.0,0.0742,0.0,0.0,0.0,0.0,0.0,0.0
15069,NBP Fixed Term Munafa Plan XXA (NBP Mustahkam Fund II),2026-03-12T20:50:57+00:00,0.0,0.0,0.0,0.0,0.0,0.0,0.0,0.0,0.0
14624,NBP GoKP Islamic Pension Fund,2026-03-12T20:50:58+00:00,0.1601,0.0888,0.0901,0.0958,0.0974,0.0975,0.1012,0.1517,0.0
14614,NBP GoKP Pension Fund,2026-03-12T20:51:00+00:00,0.1688,0.0917,0.0884,0.0989,0.1007,0.1018,0.1062,0.1553,0.0
13059,NBP Government Securities Liquid Fund,2026-03-12T20:51:01+00:00,0.0953,0.0749,0.0788,0.0879,0.0927,0.0966,0.1013,0.1507,0.1978
14374,NBP Government Securities Plan IV,2026-03-12T20:51:02+00:00,0.0962,-0.0353,0.0165,0.0951,0.0956,0.0962,0.1077,0.1635,0.0
14906,NBP Government Securities Plan VIII,2026-03-12T20:51:04+00:00,0.108,0.0676,0.0769,0.1092,0.1071,0.0,0.0,0.0,0.0
13066,NBP Government Securities Savings Fund,2026-03-12T20:51:05+00:00,0.0961,-0.0697,-0.0027,0.0974,0.0945,0.0989,0.1094,0.1641,0.2088
13053,NBP Income Opportunity Fund,2026-03-12T20:51:07+00:00,0.1453,0.0647,0.0747,0.0976,0.1019,0.1447,0.1563,0.1885,0.2213
13095,NBP Income Plan I,2026-03-12T20:51:08+00:00,0.1016,0.085,0.0924,0.1015,0.1022,0.1025,0.1052,0.1532,0.2024
13089,NBP Islamic Daily Dividend Fund,2026-03-12T20:51:09+00:00,0.1028,0.0905,0.0958,0.0995,0.1016,0.1028,0.1047,0.1478,0.1903
13074,NBP Islamic Energy Fund,2026-03-12T20:51:11+00:00,0.183,-0.0254,-0.1291,-0.0471,0.0429,0.2089,0.1931,1.1139,2.2989
15037,NBP Islamic Fixed Term Munafa Plan IIA (NBP Islamic Mustahkam Fund),2026-03-12T20:51:12+00:00,0.0756,0.0,0.0906,0.0,0.0,0.0,0.0,0.0,0.0
15052,NBP Islamic Fixed Term Munafa Plan IVA (NBP Islamic Mustahkam Fund),2026-03-12T20:51:13+00:00,0.061,0.0,0.063,0.0,0.0,0.0,0.0,0.0,0.0
15058,NBP Islamic Fixed Term Munafa Plan VA (NBP Islamic Mustahkam Fund),2026-03-12T20:51:14+00:00,0.0268,0.0,0.0,0.0,0.0,0.0,0.0,0.0,0.0
15072,NBP Islamic Fixed Term Munafa Plan VIA (NBP Islamic Mustahkam Fund),2026-03-12T20:51:16+00:00,0.0,0.0,0.0,0.0,0.0,0.0,0.0,0.0,0.0
14596,NBP Islamic Government Securities Plan III,2026-03-12T20:51:17+00:00,0.0777,0.0032,0.0257,0.068,0.0704,0.0779,0.0851,0.1429,0.0
13067,NBP Islamic Income Fund,2026-03-12T20:51:18+00:00,0.0848,0.0653,0.0755,0.0809,0.0837,0.0847,0.0898,0.136,0.1775
13085,NBP Islamic Mahana Amdani Fund,2026-03-12T20:51:20+00:00,0.0921,0.0784,0.0832,0.0897,0.0903,0.0894,0.0941,0.14,0.181
13082,NBP Islamic Money Market Fund,2026-03-12T20:51:21+00:00,0.0994,0.0954,0.0972,0.0975,0.0989,0.0992,0.1023,0.1465,0.1885
14928,NBP Islamic Principal Protection Fund I (NBP Islamic Principal Protection Plan I),2026-03-12T20:51:22+00:00,0.0055,-0.0204,-0.0416,-0.0207,0.0,0.0,0.0,0.0,0.0
15012,NBP Islamic Principal Protection Fund I (NBP Islamic Principal Protection Plan II),2026-03-12T20:51:24+00:00,-0.0082,-0.0155,-0.0292,0.0,0.0,0.0,0.0,0.0,0.0
15041,NBP Islamic Principal Protection Fund I (NBP Islamic Principal Protection Plan III),2026-03-12T20:51:25+00:00,-0.0354,-0.0155,-0.0299,0.0,0.0,0.0,0.0,0.0,0.0
15057,NBP Islamic Principal Protection Fund I (NBP Islamic Principal Protection Plan IV),2026-03-12T20:51:26+00:00,0.0034,0.0024,0.0,0.0,0.0,0.0,0.0,0.0,0.0
15029,NBP Islamic Punjab Pension Fund,2026-03-12T20:51:27+00:00,0.0879,0.1198,0.1052,0.0,0.0,0.0,0.0,0.0,0.0
13057,NBP Islamic Sarmaya Izafa Fund,2026-03-12T20:51:29+00:00,0.1685,-0.0802,-0.1485,-0.1022,-0.0033,0.2062,0.2218,0.9565,1.7807
13056,NBP Islamic Savings Fund,2026-03-12T20:51:30+00:00,0.0923,0.0857,0.0865,0.0887,0.0905,0.0931,0.0962,0.1425,0.1769
13068,NBP Islamic Stock Fund,2026-03-12T20:51:32+00:00,0.1683,-0.0891,-0.1645,-0.1226,-0.0241,0.2075,0.2369,1.186,2.1361
13052,NBP Mahana Amdani Fund,2026-03-12T20:51:34+00:00,0.1062,0.0977,0.0984,0.1031,0.1062,0.1066,0.1087,0.1539,0.201
13063,NBP Money Market Fund,2026-03-12T20:51:35+00:00,0.0994,0.087,0.0883,0.0945,0.098,0.1,0.1039,0.152,0.1974
13103,NBP Pakistan Growth Exchange Traded Fund,2026-03-12T20:51:37+00:00,0.3114,-0.0601,-0.1297,-0.067,0.0486,0.3644,0.4351,-0.0114,2.71
15030,NBP Punjab Pension Fund,2026-03-12T20:51:38+00:00,0.1046,0.0992,0.1367,0.0,0.0,0.0,0.0,0.0,0.0
13060,NBP Riba Free Savings Fund,2026-03-12T20:51:39+00:00,0.0971,0.0895,0.0908,0.0931,0.0958,0.0971,0.0996,0.1436,0.1801
13061,NBP Sarmaya Izafa Fund,2026-03-12T20:51:41+00:00,0.2194,-0.1026,-0.1588,-0.1052,-0.0052,0.2385,0.2994,1.2331,2.2783
13058,NBP Savings Fund,2026-03-12T20:51:43+00:00,0.141,0.0868,0.0898,0.0948,0.0997,0.1401,0.1344,0.1715,0.2095
13054,NBP Stock Fund,2026-03-12T20:51:45+00:00,0.216,-0.1083,-0.1703,-0.1194,-0.0214,0.2591,0.3032,1.3733,2.685
13036,NIT - Government Bond Fund,2026-03-12T20:51:47+00:00,0.0853,-0.0759,-0.0095,0.0673,0.0783,0.0874,0.0998,0.155,0.1995
13037,NIT - Income Fund,2026-03-12T20:51:49+00:00,0.1001,0.0628,0.0698,0.101,0.1002,0.1014,0.1071,0.1514,0.1974
13041,NIT Asset Allocation Fund,2026-03-12T20:51:50+00:00,0.148,-0.0458,-0.0931,-0.0565,0.0127,0.1753,0.2253,0.7794,1.4559
13038,NIT Islamic Equity Fund,2026-03-12T20:51:52+00:00,0.1361,-0.055,-0.1275,-0.0906,-0.0372,0.1644,0.2005,0.8796,1.8271
13040,NIT Islamic Income Fund,2026-03-12T20:51:53+00:00,0.0963,0.0652,0.0742,0.0936,0.0939,0.0974,0.1009,0.1439,0.1883
13042,NIT Islamic Money Market Fund,2026-03-12T20:51:55+00:00,0.1001,0.0944,0.0949,0.0971,0.099,0.1002,0.1042,0.1454,0.1881
13049,NIT Islamic Pension Fund,2026-03-12T20:51:57+00:00,0.0995,0.0941,0.092,0.1104,0.1053,0.0989,0.0995,0.1395,0.1838
13047,NIT Islamic Pension Fund,2026-03-12T20:51:58+00:00,0.0996,0.0898,0.0921,0.1035,0.1031,0.0969,0.0986,0.1453,0.1909
13048,NIT Islamic Pension Fund,2026-03-12T20:51:59+00:00,0.1716,-0.0433,-0.1196,-0.0865,-0.021,0.2053,0.2653,1.0236,1.9548
14650,NIT KP Islamic Pension Fund,2026-03-12T20:52:01+00:00,0.0927,0.0902,0.0894,0.1025,0.098,0.0922,0.0929,0.1299,0.0
14570,NIT KP Pension Fund,2026-03-12T20:52:02+00:00,0.1017,0.0877,0.0925,0.0998,0.1012,0.1029,0.1056,0.1495,0.0
13039,NIT Money Market Fund,2026-03-12T20:52:03+00:00,,,,,,,,,
13051,NIT Pakistan Gateway Exchange Traded Fund,2026-03-12T20:52:04+00:00,0.2877,-0.065,-0.1347,-0.0651,0.0366,0.34,0.4496,1.5544,2.9631
13044,NIT Pension Fund,2026-03-12T20:52:06+00:00,0.1021,-0.0323,0.0201,0.1018,0.1027,0.1036,0.1103,0.1639,0.1967
13046,NIT Pension Fund,2026-03-12T20:52:07+00:00,0.0992,0.0877,0.0898,0.0956,0.0984,0.0992,0.1035,0.1515,0.1957
13045,NIT Pension Fund,2026-03-12T20:52:09+00:00,0.2245,-0.0667,-0.1359,-0.0795,0.0024,0.2664,0.3498,1.2686,2.5054
13050,NIT Pension Fund,2026-03-12T20:52:11+00:00,0.4598,-0.0151,0.0229,0.1679,0.3388,0.4198,0.6316,1.2432,1.9116
13043,NIT Social Impact Fund,2026-03-12T20:52:12+00:00,0.1081,0.1058,0.1074,0.1123,0.1088,0.1088,0.1117,0.1554,0.2053
13104,Pak Oman Advantage Asset Allocation Fund,2026-03-12T20:52:14+00:00,0.0122,-0.0956,-0.1776,-0.1505,-0.1075,0.0218,0.037,0.479,0.9888
13105,Pak Oman Advantage Islamic Income Fund,2026-03-12T20:52:15+00:00,0.0603,0.055,0.0517,0.0624,0.0571,0.0612,0.0618,0.1105,0.1671
13119,Pak Oman Daily Dividend Fund,2026-03-12T20:52:17+00:00,0.0513,-0.0091,0.0023,0.0353,0.0459,0.0513,0.0555,0.0971,0.1322
13116,Pak Oman Income Fund,2026-03-12T20:52:18+00:00,0.0782,0.0589,0.0689,0.073,0.0752,0.0787,0.0805,0.1274,0.1839
13106,Pak Oman Islamic Asset Allocation Fund,2026-03-12T20:52:20+00:00,0.0064,-0.095,-0.1744,-0.1547,-0.1162,0.0126,0.011,0.4143,0.7553
14673,Pak Oman Micro Finance Fund,2026-03-12T20:52:21+00:00,0.1446,0.1071,0.107,0.1102,0.1112,0.1114,0.1094,0.0,0.0
13123,Pak Qatar Asan Munafa Plan,2026-03-12T20:52:22+00:00,0.0997,0.0921,0.0923,0.0997,0.0986,0.0988,0.0965,0.1381,0.1802
14364,Pak Qatar Asset Allocation Plan I (PQAAP IA),2026-03-12T20:52:24+00:00,0.0735,-0.0007,0.0037,0.0246,0.047,0.0792,0.1168,0.349,0.0
14365,Pak Qatar Asset Allocation Plan II (PQAAP IIA),2026-03-12T20:52:25+00:00,0.0727,-0.0004,0.0027,0.0251,0.047,0.0786,0.1151,0.3291,0.0
13125,Pak Qatar Cash Plan,2026-03-12T20:52:26+00:00,0.1021,0.0953,0.0988,0.0998,0.1013,0.1024,0.1057,0.1496,0.1935
13124,Pak Qatar Daily Dividend Plan,2026-03-12T20:52:27+00:00,0.1003,0.0874,0.0913,0.0977,0.1001,0.0997,0.1001,0.1449,0.1889
15006,Pak Qatar GoKP Islamic Pension Fund,2026-03-12T20:52:28+00:00,0.0464,0.0918,0.0776,0.0458,0.0,0.0,0.0,0.0,0.0
15024,Pak Qatar GoPB Islamic Pension Fund,2026-03-12T20:52:30+00:00,0.0915,0.0798,0.0871,0.0,0.0,0.0,0.0,0.0,0.0
13126,Pak Qatar Income Plan,2026-03-12T20:52:31+00:00,0.1041,0.0687,0.08,0.1053,0.0996,0.1033,0.113,0.1621,0.2085
13128,Pak Qatar Islamic Pension Fund,2026-03-12T20:52:33+00:00,0.1556,-0.0521,-0.1218,-0.0904,-0.0259,0.1977,0.2917,0.9496,1.7311
13129,Pak Qatar Islamic Pension Fund,2026-03-12T20:52:34+00:00,0.0975,0.0788,0.0897,0.0915,0.1021,0.0983,0.1003,0.1532,0.1875
13130,Pak Qatar Islamic Pension Fund,2026-03-12T20:52:35+00:00,0.1001,0.0936,0.1036,0.1119,0.0978,0.0996,0.1234,0.1618,0.1974
13121,Pak Qatar Islamic Stock Fund,2026-03-12T20:52:37+00:00,0.1177,-0.0515,-0.1211,-0.089,-0.035,0.1655,0.172,0.6129,1.3548
13122,Pak Qatar Khalis Bachat Plan,2026-03-12T20:52:38+00:00,0.0937,0.0531,0.0776,0.0964,0.0918,0.0927,0.0938,0.1432,0.1867
13127,Pak Qatar Monthly Income Plan,2026-03-12T20:52:39+00:00,0.0991,0.0573,0.0717,0.0965,0.0965,0.0993,0.1025,0.1545,0.1993
14721,Pak-Qatar Asset Allocation Plan III (PQAAP IIIA),2026-03-12T20:52:40+00:00,0.1224,-0.0442,-0.105,-0.063,-0.0316,0.1262,0.1381,0.0,0.0
12727,Pakistan Capital Market Fund,2026-03-12T20:52:42+00:00,0.2244,-0.0776,-0.1236,-0.0436,0.0246,0.2744,0.3596,1.117,2.106
12730,Pakistan Cash Management Fund,2026-03-12T20:52:44+00:00,0.099,0.0881,0.0908,0.0946,0.0979,0.0984,0.1007,0.1498,0.1937
12731,Pakistan Income Enhancement Fund,2026-03-12T20:52:46+00:00,0.2127,-0.0624,-0.0166,0.4206,0.2549,0.2101,0.1943,0.2131,0.2399
12726,Pakistan Income Fund,2026-03-12T20:52:48+00:00,0.1997,0.0723,0.0692,0.3596,0.2311,0.1944,0.1815,0.2064,0.2379
12760,Pakistan Pension Fund,2026-03-12T20:52:50+00:00,0.0942,0.0707,0.0768,0.0879,0.0924,0.0942,0.0992,0.1498,0.1976
12758,Pakistan Pension Fund,2026-03-12T20:52:51+00:00,0.304,-0.1021,-0.1666,-0.0488,0.0362,0.3662,0.4922,1.7913,3.49
12759,Pakistan Pension Fund,2026-03-12T20:52:53+00:00,0.0906,-0.1386,-0.0477,0.0849,0.0884,0.0926,0.1073,0.1705,0.2172
13150,UBL Asset Allocation Fund,2026-03-12T20:52:54+00:00,0.0908,0.0056,0.0016,0.0704,0.063,0.0899,0.0,0.0,0.0
13185,UBL Cash Fund,2026-03-12T20:52:56+00:00,0.1762,0.14,0.0,0.0,0.0,0.0,0.0,0.0,0.0
13172,UBL Financial Sector Fund,2026-03-12T20:52:57+00:00,0.0,0.0,0.0,0.0,0.0,0.0,0.0,0.0,0.0
14876,UBL Fixed Return Plan II (AB),2026-03-12T20:52:59+00:00,0.0,0.0,0.0,0.0,0.0,0.0,0.0,0.0,0.0
14679,UBL Fixed Return Plan II (M),2026-03-12T20:53:01+00:00,0.0,0.0021,0.0,0.0,0.0,0.0,0.0,0.0,0.0
14798,UBL Fixed Return Plan III (X),2026-03-12T20:53:03+00:00,0.0,0.0,0.0,0.0,0.0,0.0,0.0,0.0,0.0
14877,UBL Fixed Return Plan III (Y),2026-03-12T20:53:05+00:00,0.0,0.0,0.0,0.0,0.0,0.0,0.0,0.0,0.0
14899,UBL Fixed Return Plan III (Z),2026-03-12T20:53:07+00:00,0.0,0.0,0.0,0.0,0.0,0.0,0.0,0.0,0.0
14704,UBL Fixed Return Plan IV (G),2026-03-12T20:53:09+00:00,0.0,0.0,0.0,0.0,0.0,0.0,0.0,0.0,0.0
14815,UBL Fixed Return Plan IV (M),2026-03-12T20:53:10+00:00,0.1169,0.1072,0.1835,0.1354,0.1209,0.0658,0.08,0.0,0.0
14820,UBL Fixed Return Plan IV (O),2026-03-12T20:53:12+00:00,0.0,0.0,0.0,0.0,0.0,0.0,0.0,0.0,0.0
13144,UBL Government Securities Fund,2026-03-12T20:53:13+00:00,0.0813,0.0645,0.1744,0.1737,0.1045,0.0907,0.0731,0.0554,0.0
13134,UBL Growth & Income Fund,2026-03-12T20:53:15+00:00,0.1409,0.1303,0.1242,0.1579,0.1445,0.1513,0.1487,0.1308,0.0076
13133,UBL Income Opportunity Fund,2026-03-12T20:53:17+00:00,0.0575,0.111,0.1252,0.0957,0.063,0.0614,0.0635,0.0,0.0
14921,UBL Liquidity Fund,2026-03-12T20:53:18+00:00,0.1044,0.0972,0.0986,0.1004,0.1035,0.0,0.0,0.0,0.0
13138,UBL Liquidity Plus Fund,2026-03-12T20:53:20+00:00,0.0641,0.0789,-0.0057,0.0538,0.056,0.0622,0.0664,0.0827,0.0651
13141,UBL Money Market Fund,2026-03-12T20:53:22+00:00,0.0632,0.0772,0.0776,0.0795,0.0574,0.063,0.0578,0.0704,0.0856
13210,UBL Pakistan Enterprise Exchange Traded Fund,2026-03-12T20:53:24+00:00,0.0111,0.0111,0.0,0.0,0.0,0.0,0.0,0.0,0.0
15025,UBL Punjab Pension Fund,2026-03-12T20:53:26+00:00,0.0,0.0,-0.1365,-0.0455,-0.0227,-0.0152,-0.0112,-0.0056,-0.0037
13204,UBL Retirement Saving Fund,2026-03-12T20:53:27+00:00,0.0716,0.0672,0.0696,0.0746,0.0755,0.0735,0.0727,0.0828,0.096
13203,UBL Retirement Saving Fund,2026-03-12T20:53:29+00:00,0.4087,0.4283,0.1832,0.6207,0.4794,0.3927,0.3912,0.6125,0.5129
13206,UBL Retirement Saving Fund,2026-03-12T20:53:30+00:00,0.0062,0.0048,0.0062,0.0,0.0,0.0,0.0,0.0,0.0
13205,UBL Retirement Saving Fund,2026-03-12T20:53:32+00:00,0.0789,0.0009,0.0097,0.0305,0.0534,0.0707,0.0887,0.1973,0.3296
14421,UBL Special Savings Plan V,2026-03-12T20:53:34+00:00,0.0,0.0,0.0,0.0,0.0,0.0,0.0,0.0,0.0
14403,UBL Special Savings Plan X,2026-03-12T20:53:36+00:00,0.0,0.0,0.0,0.0,0.0,0.0,0.0,0.0,0.0
13135,UBL Stock Advantage Fund,2026-03-12T20:53:37+00:00,0.2972,0.0192,-0.005,0.1182,0.1989,0.2263,0.3247,0.7664,0.9979
14621,UBL Voluntary Pension Fund KPK,2026-03-12T20:53:40+00:00,1.5786,1.5786,0.0,0.0,0.0,0.0,0.0,0.0,0.0
12965,Unit Trust of Pakistan,2026-03-12T20:53:42+00:00,0.2405,-0.0643,-0.1142,-0.0645,0.0107,0.2716,0.3342,1.0663,1.9315
14750,786 Islamic Money Market Fund,2026-03-12T20:53:43+00:00,0.0934,0.0892,0.0892,0.0897,0.0929,0.0937,0.0913,0.0,0.0
12814,786 Smart Fund,2026-03-12T20:53:45+00:00,0.0963,0.0979,0.1024,0.0992,0.0981,0.0963,0.0973,0.1502,0.1949
